,Kasus harian,Kasus Impor,Kasus Lokal,Total kasus,Kasus aktif,% kasus aktif,"Sembuh
(baru)",Sembuh,Tingkat kesembuhan (seluruh kasus),Tingkat kesembuhan (closed cases),"Meninggal
(baru)","Meninggal
Dunia",Tingkat kematian (seluruh kasus),Tingkat kematian (closed cases),PDP,ODP,Suspek aktif,Jumlah spesimen diperiksa (dari 1 April),Jumlah orang diperiksa,Negatif,"Positif 
(=C)",Dalam Proses,Spesimen,Orang yang dites,Vaksinasi (ineligible),Jumlah test/juta penduduk,Test/Positif,Jumlah org yg dites / positif,Jumlah Test/Positif harian,Positif / Jumlah Tes,Positive rate harian,Case Growth Rate,Tingkat positivitas mingguan,Jumlah spesimen diperiksa (rata-rata 7 hari),Jumlah orang diperiksa (rata-rata 7 hari),Rasio spesimen/orang diperiksa (rata-rata 7 hari),,Dosis pertama,Dosis kedua,Dosis pertama (harian),Dosis kedua (harian),Dosis pertama (mingguan),Dosis kedua (mingguan),Test PCR Orang Nasional Rata-rata 7 hari,Pos Rate Nasional - rata-rata 7 hari,Test Orang DKI,Positif DKI,,Pos Rate DKI,Pos Rate DKI - 7 harian,NON DKI,Positif Non DKI,,Pos Rate Non DKI,Pos Rate Non DKI - 7 harian
2-Mar,2,0,2,2,2,100.00%,0,0,0.00%,0,0,0,0.00%,,,,,339,339,335,2,2,,,,,169.50,169.50,0.00,0.59%,,,,,,,,,,,,,,,,,,,,,,,,,
3-Mar,0,0,0,2,2,100.00%,0,0,0.00%,,0,0,0.00%,,,,,341,341,337,2,2,,2,,,170.50,170.50,#DIV/0!,0.59%,0.00%,0.00%,,,,,,,,,,,,,,,,,,,,,,,
4-Mar,0,0,0,2,2,100.00%,0,0,0.00%,,0,0,0.00%,,,,,372,372,356,2,14,,31,,,186.00,186.00,#DIV/0!,0.54%,0.00%,0.00%,,,,,,,,,,,,,,,,,,,,,,,
5-Mar,0,0,0,2,2,100.00%,0,0,0.00%,,0,0,0.00%,,,,,388,388,371,2,15,,16,,,194.00,194.00,#DIV/0!,0.52%,0.00%,0.00%,,,,,,,,,,,,,,,,,,,,,,,
6-Mar,2,0,2,4,4,100.00%,0,0,0.00%,,0,0,0.00%,,,,,450,450,422,4,24,,62,,,112.50,112.50,31.00,0.89%,3.77%,100.00%,,,,,,,,,,,,,,,,,,,,,,,
7-Mar,0,0,0,4,4,100.00%,0,0,0.00%,,0,0,0.00%,,,,,454,454,422,4,28,,4,,,113.50,113.50,#DIV/0!,0.88%,0.00%,0.00%,,,,,,,,,,,,,,,,,,,,,,,
8-Mar,2,1,1,6,6,100.00%,0,0,0.00%,,0,0,0.00%,,,,,483,483,445,6,32,,29,,,80.50,80.50,14.50,1.24%,8.00%,50.00%,,,,,,,,,,,,,,,,,,,,,,,
9-Mar,13,7,6,19,19,100.00%,0,0,0.00%,,0,0,0.00%,,,,,543,543,487,19,37,,60,,,28.58,28.58,4.62,3.50%,23.64%,216.67%,,,,,,,,,,,,,,,,,,,,,,,
10-Mar,8,5,3,27,27,100.00%,0,0,0.00%,,0,0,0.00%,,,,,694,694,648,27,19,,151,,,25.70,25.70,18.88,3.89%,4.73%,42.11%,,,,,,,,,,,,,,,,,,,,,,,
12-Mar,0,0,0,34,27,79.41%,1,3,8.82%,42.86%,2,4,11.76%,57.14%,,,,862,862,811,34,17,,168,,,25.35,25.35,#DIV/0!,3.94%,#REF!,#REF!,,,,,,,,,,,,,,,,,,,,,,,
13-Mar,35,,,69,60,86.96%,2,5,7.25%,55.56%,0,4,5.80%,44.44%,,,,"1,005",1005,917,69,19,,143,,4,14.57,14.57,4.09,6.87%,24.82%,102.94%,9.72%,,,,,,,,,,,,,,,,,,,,,,
14-Mar,27,,,96,83,86.46%,3,8,8.33%,61.54%,1,5,5.21%,38.46%,,,,"1,205",1205,"1,109",96,0,,200,,4,12.55,12.55,7.41,7.97%,12.33%,39.13%,11.26%,,,,,,,,,,,,,,,,,,,,,,
15-Mar,21,,,117,104,88.89%,0,8,6.84%,61.54%,0,5,4.27%,38.46%,,,,"1,293",1293,"1,167",117,9,,88,,5,11.05,11.05,4.19,9.05%,26.58%,21.88%,12.63%,,,,,,,,,,,,,,,,,,,,,,
16-Mar,17,,,134,121,90.30%,0,8,5.97%,61.54%,0,5,3.73%,38.46%,,,,"1,230",1230,"1,083",134,13,,,,5,9.18,9.18,0.00,10.89%,,14.53%,14.94%,,,,,,,,,,,,,,,,,,,,,,
17-Mar,38,,,172,156,90.70%,1,9,5.23%,56.25%,2,7,4.07%,43.75%,,,,"1,372",1372,"1,178",172,22,,120,,5,7.98,7.98,3.16,12.54%,28.57%,28.36%,16.78%,,,,,,,,,,,,,,,,,,,,,,
18-Mar,55,,,227,197,86.78%,2,11,4.85%,36.67%,12,19,8.37%,63.33%,,,,"1,592",1592,"1,342",227,23,,197,,6,7.01,7.01,3.58,14.26%,25.11%,31.98%,21.07%,,,,,,,,,,,,,,,,,,,,,,
19-Mar,82,,,309,269,87.06%,4,15,4.85%,37.50%,6,25,8.09%,62.50%,,,,"1,898",1898,"1,570",309,19,,287,,7,6.14,6.14,3.50,16.28%,26.45%,36.12%,26.57%,,,,,,,,,,,,,,,,,,,,,,
20-Mar,60,,,369,321,86.99%,1,16,4.34%,33.33%,7,32,8.67%,66.67%,,,,"2,028",2028,"1,643",369,18,,112,,8,5.50,5.50,1.87,18.20%,45.80%,19.42%,29.88%,,,,,,,,,,,,,,,,,,,,,,
21-Mar,81,,,450,392,87.11%,4,20,4.44%,34.48%,6,38,8.44%,65.52%,,,,"2,365",2365,"1,895",450,20,,317,,9,5.26,5.26,3.91,19.03%,24.18%,21.95%,31.58%,,,,,,,,,,,,,,,,,,,,,,
22-Mar,64,,,514,437,85.02%,9,29,5.64%,37.66%,10,48,9.34%,62.34%,,,,"2,438",2438,"1,904",514,20,,53,,9,4.74,4.74,0.83,21.08%,87.67%,14.22%,36.56%,,,,,,,,,,,,,,,,,,,,,,
23-Mar,65,,,579,500,86.36%,1,30,5.18%,37.97%,1,49,8.46%,62.03%,,,,"2,756",2756,"2,177",579,0,,318,,10,4.76,4.76,4.89,21.01%,19.23%,12.65%,31.70%,,,,,,,,,,,,,,,,,,,,,,
24-Mar,106,,,685,600,87.59%,0,30,4.38%,35.29%,6,55,8.03%,64.71%,,,,"3,332",3332,"2,625",685,22,,554,,12,4.86,4.86,5.23,20.56%,19.13%,18.31%,27.91%,,,,,,,,,,,,,,,,,,,,,,
25-Mar,105,,,790,701,88.73%,1,31,3.92%,34.83%,3,58,7.34%,65.17%,,,,"3,822",3822,"3,032",790,0,,490,,14,4.84,4.84,4.67,20.67%,20.51%,15.33%,26.42%,,,,,,,,,,,,,,,,,,,,,,
26-Mar,103,,,893,780,87.35%,4,35,3.92%,30.97%,20,78,8.73%,69.03%,,,,"4,336",4336,"3,443",893,0,,514,,16,4.86,4.86,4.99,20.60%,20.04%,13.04%,24.77%,,,,,,,,,,,,,,,,,,,,,,
27-Mar,153,,,"1,046",913,87.28%,11,46,4.40%,34.59%,9,87,8.32%,65.41%,,,,"5,775",5775,"4,729","1,046",0,,"1,439",,21,5.52,5.52,9.41,18.11%,10.63%,17.13%,18.37%,,,,,,,,,,,,,,,,,,,,,,
28-Mar,109,,,"1,155",994,86.06%,13,59,5.11%,36.65%,15,102,8.83%,63.35%,,,,"6,266",6266,"5,111","1,155",0,,491,,23,5.43,5.43,4.50,18.43%,22.20%,10.42%,18.27%,,,,,,,,,,,,,,,,,,,,,,
29-Mar,130,,,"1,285","1,107",86.15%,5,64,4.98%,35.96%,12,114,8.87%,64.04%,,,,"6,534",6534,"5,249","1,285",0,,268,,24,5.08,5.08,2.06,19.67%,48.51%,11.26%,18.92%,,,,,,,,,,,,,,,,,,,,,,
30-Mar,129,,,"1,414","1,217",86.07%,11,75,5.30%,38.07%,8,122,8.63%,61.93%,,,,"6,663",6663,"5,249","1,414",0,,129,,25,4.71,4.71,1.00,21.22%,100.00%,10.04%,21.49%,,,,,,,,,,,,,,,,,,,,,,
31-Mar,114,,,"1,528","1,311",85.80%,6,81,5.30%,37.33%,14,136,8.90%,62.67%,,,,"6,777",6777,"5,249","1,528",0,,114,,25,4.44,4.44,1.00,22.55%,100.00%,8.06%,24.47%,,,,,,,,,,,,,,,,,,,,,,
1-Apr,149,,,"1,677","1,417",84.50%,22,103,6.14%,39.62%,21,157,9.36%,60.38%,,,,"7,193",7193,"5,516","1,677",0,,416,,27,4.29,4.29,2.79,23.31%,35.82%,9.75%,26.31%,,,,,,,,,,,,,,,,,,,,,,
2-Apr,113,,,"1,790","1,508",84.25%,9,112,6.26%,39.72%,13,170,9.50%,60.28%,,,,"7,425",7425,"5,635","1,790",0,,232,,28,4.15,4.15,2.05,24.11%,48.71%,6.74%,29.04%,,,,,,,,,,,,,,,,,,,,,,
3-Apr,196,,,"1,986","1,671",84.14%,22,134,6.75%,42.54%,11,181,9.11%,57.46%,,,,"7,986",7986,"5,715","1,986",285,,561,,30,4.02,4.02,2.86,24.87%,71.01%,10.95%,42.51%,,,,,,,,,,,,,,,,,,,,,,
4-Apr,106,,,"2,092","1,751",83.70%,16,150,7.17%,43.99%,10,191,9.13%,56.01%,,,,"9,712",9712,"7,620","2,092",0,,"1,726",,36,4.64,4.64,16.28,21.54%,5.27%,5.34%,27.19%,,,,,,,,,,,,,,,,,,,,,,
5-Apr,181,,,"2,273","1,911",84.07%,14,164,7.22%,45.30%,7,198,8.71%,54.70%,,,,"11,242",11242,"8,969","2,273",0,,"1,530",,42,4.95,4.95,8.45,20.22%,11.83%,8.65%,20.99%,,,,,,,,,,,,,,,,,,,,,,
6-Apr,218,,,"2,491","2,090",83.90%,28,192,7.71%,47.88%,11,209,8.39%,52.12%,,,,"13,186",13186,"10,695","2,491",0,,"1,944",,49,5.29,5.29,8.92,18.89%,11.21%,9.59%,16.51%,,,,,,,,,,,,,,,,,,,,,,
7-Apr,247,,,"2,738","2,313",84.48%,12,204,7.45%,48.00%,12,221,8.07%,52.00%,,,,"14,353",14353,"11,615","2,738",0,,"1,167",,53,5.24,5.24,4.72,19.08%,21.17%,9.92%,15.97%,,,,,,,,,,,,,,,,,,,,,,
8-Apr,218,,,"2,956","2,494",84.37%,18,222,7.51%,48.05%,19,240,8.12%,51.95%,,,,"16,511",16511,"13,555","2,956",0,,"2,158",,61,5.59,5.59,9.90,17.90%,10.10%,7.96%,13.73%,,,,,,,,,,,,,,,,,,,,,,
9-Apr,337,,,"3,293","2,761",83.84%,30,252,7.65%,47.37%,40,280,8.50%,52.63%,,,,"17,679",17679,"14,386","3,293",0,,"1,168",,65,5.37,5.37,3.47,18.63%,28.85%,11.40%,14.66%,,,,,,,,,,,,,,,,,,,,,,
10-Apr,219,,,"3,512","2,924",83.26%,30,282,8.03%,47.96%,26,306,8.71%,52.04%,,,,"19,452",19452,"15,940","3,512",0,,"1,773",,72,5.54,5.54,8.10,18.05%,12.35%,6.65%,13.31%,,,,,,,,,,,,,,,,,,,,,,
11-Apr,330,,,"3,842","3,229",84.04%,4,286,7.44%,46.66%,21,327,8.51%,53.34%,,,,"19,964",19964,"16,122","3,842",0,,512,,74,5.20,5.20,1.55,19.24%,64.45%,9.40%,17.07%,,,,,,,,,,,,,,,,,,,,,,
12-Apr,399,,,"4,241","3,509",82.74%,73,359,8.46%,49.04%,46,373,8.80%,50.96%,,,,"27,075",27075,"22,834","4,241",0,,"7,111",,100,6.38,6.38,17.82,15.66%,5.61%,10.39%,12.43%,,,,,,,,,,,,,,,,,,,,,,
13-Apr,316,,,"4,557","3,778",82.91%,21,380,8.34%,48.78%,26,399,8.76%,51.22%,,,,"27,953",27953,"23,396","4,557",0,,878,,104,6.13,6.13,2.78,16.30%,35.99%,7.45%,13.99%,,,,,,,,,,,,,,,,,,,,,,
14-Apr,282,,,"4,839","3,954",81.71%,46,426,8.80%,48.14%,60,459,9.49%,51.86%,"10,482","139,137",,"31,628",31628,"26,789","4,839",0,,"3,675",,117,6.54,6.54,13.03,15.30%,7.67%,6.19%,12.16%,,,,,,,,,,,,,,,,,,,,,,
15-Apr,297,,,"5,136","4,221",82.18%,20,446,8.68%,48.74%,10,469,9.13%,51.26%,"11,165","165,549",,"36,431",33001,"27,865","5,136",0,,"1,373",,122,7.09,6.43,4.62,15.56%,21.63%,6.14%,13.22%,,,,,,,,,,,,,,,,,,,,,,
16-Apr,380,,,"5,516","4,472",81.07%,102,548,9.93%,52.49%,27,496,8.99%,47.51%,"11,873","169,446",,"39,706",34975,"29,459","5,516",0,"3,275","1,974",,130,7.20,6.34,5.19,15.77%,19.25%,7.40%,12.85%,,,,,,,,,,,,,,,,,,,,,,
17-Apr,407,,,"5,923","4,796",80.97%,59,607,10.25%,53.86%,24,520,8.78%,46.14%,"12,610","173,732",,"42,108",37134,"31,211","5,923",0,"2,402","2,159",,138,7.11,6.27,5.30,15.95%,18.85%,7.38%,13.64%,,,,,,,,,,,,,,,,,,,,,,
18-Apr,325,,,"6,248","5,082",81.34%,24,631,10.10%,54.12%,15,535,8.56%,45.88%,"12,979","176,344",,"45,378",39422,"33,174","6,248",0,"3,270","2,288",,146,7.26,6.31,7.04,15.85%,14.20%,5.49%,12.37%,,,,,,,,,,,,,,,,,,,,,,
19-Apr,327,,,"6,575","5,307",80.71%,55,686,10.43%,54.10%,47,582,8.85%,45.90%,"15,646","178,883",,"47,478",42219,"35,644","6,575",0,"2,100","2,797",,156,7.22,6.42,8.55,15.57%,11.69%,5.23%,15.41%,,,,,,,,,,,,,,,,,,,,,,
20-Apr,185,,,"6,760","5,423",80.22%,61,747,11.05%,55.87%,8,590,8.73%,44.13%,"16,343","181,770",,"49,767",43749,"36,989","6,760",0,"2,289","1,530",,162,7.36,6.47,8.27,15.45%,12.09%,2.81%,13.95%,,,,,,,,,,,,,,,,,,,,,,
21-Apr,375,,,"7,135","5,677",79.57%,95,842,11.80%,57.75%,26,616,8.63%,42.25%,"16,763","186,330",,"50,370",46173,"39,038","7,135",0,603,"2,424",,171,7.06,6.47,6.46,15.45%,15.47%,5.55%,15.79%,,,,,,,,,,,,,,,,,,,,,,
22-Apr,283,,,"7,418","5,869",79.12%,71,913,12.31%,58.94%,20,636,8.57%,41.06%,"17,754","193,571",,"55,732",47361,"39,943","7,418",0,"5,362","1,188",,175,7.51,6.38,4.20,15.66%,23.82%,3.97%,15.89%,"2,757","2,051",1.34,,,,,,,,,,,,,,,,,,,
23-Apr,357,,,"7,775","6,168",79.33%,47,960,12.35%,59.74%,11,647,8.32%,40.26%,"18,283","195,948",,"59,935",48647,"40,872","7,775",0,"4,203","1,286",,180,7.71,6.26,3.60,15.98%,27.76%,4.81%,16.52%,"2,890","1,953",1.48,,,,,,,,,,,,,,,,,,,
24-Apr,436,,,"8,211","6,520",79.41%,42,"1,002",12.20%,59.25%,42,689,8.39%,40.75%,"18,301","197,951",,"64,054",50563,"42,352","8,211",0,"4,119","1,916",,187,7.80,6.16,4.39,16.24%,22.76%,5.61%,17.04%,"3,135","1,918",1.63,,,,,,,,,,,,,,,,,,,
25-Apr,396,,,"8,607","6,845",79.53%,40,"1,042",12.11%,59.14%,31,720,8.37%,40.86%,"19,084","206,911",,"67,828",52541,"43,934","8,607",0,"3,774","1,978",,195,7.88,6.10,4.99,16.38%,20.02%,4.82%,17.98%,"3,207","1,874",1.71,,,,,,,,,,,,,,,,,,,
26-Apr,275,,,"8,882","7,032",79.17%,65,"1,107",12.46%,59.84%,23,743,8.37%,40.16%,"19,648","209,040",,"72,099",56974,"48,092","8,882",0,"4,271","4,433",,211,8.12,6.41,16.12,15.59%,6.20%,3.20%,15.64%,"3,517","2,108",1.67,,,,,,,,,,,,,,,,,,,
27-Apr,214,,,"9,096","7,180",78.94%,44,"1,151",12.65%,60.07%,22,765,8.41%,39.93%,"19,987","210,199",,"75,157",59409,"50,313","9,096",0,"3,058","2,435",,220,8.26,6.53,11.38,15.31%,8.79%,2.41%,14.92%,"3,627","2,237",1.62,,,,,,,,,,,,,,,,,,,
28-Apr,415,,,"9,511","7,484",78.69%,103,"1,254",13.18%,61.86%,8,773,8.13%,38.14%,"20,428","213,644",,"79,618",62544,"53,033","9,511",0,"4,461","3,135",,232,8.37,6.58,7.55,15.21%,13.24%,4.56%,14.51%,"4,178","2,339",1.79,,,,,,,,,,,,,,,,,,,
29-Apr,260,,,"9,771","7,596",77.74%,137,"1,391",14.24%,63.95%,11,784,8.02%,36.05%,"21,653","221,750",,"86,985",67784,"58,013","9,771",0,"7,367","5,240",,251,8.90,6.94,20.15,14.41%,4.96%,2.73%,11.52%,"4,465","2,918",1.53,,,,,,,,,,,,,,,,,,,
30-Apr,347,,,"10,118","7,804",77.13%,131,"1,522",15.04%,65.77%,8,792,7.83%,34.23%,"21,827","230,411",,"94,599",72351,"62,233","10,118",0,"7,614","4,567",,268,9.35,7.15,13.16,13.98%,7.60%,3.55%,9.88%,"4,952","3,386",1.46,,,,,,,,,,,,,,,,,,,
1-May,433,,,"10,551","8,160",77.34%,69,"1,591",15.08%,66.54%,8,800,7.58%,33.46%,"22,123","233,120",,"102,305",76538,"65,987","10,551",0,"7,706","4,187",,283,9.70,7.25,9.67,13.79%,10.34%,4.28%,9.01%,"5,464","3,711",1.47,,,,,,,,,,,,,,,,,,,
2-May,292,,,"10,843","8,347",76.98%,74,"1,665",15.36%,66.71%,31,831,7.66%,33.29%,"22,545","235,035",,"107,943",79868,"69,025","10,843",0,"5,638","3,330",,296,9.96,7.37,11.40,13.58%,8.77%,2.77%,8.18%,"5,731","3,904",1.47,,,,,,,,,,,,,,,,,,,
3-May,349,,,"11,192","8,471",75.69%,211,"1,876",16.76%,68.95%,14,845,7.55%,31.05%,"23,130","236,369",,"112,965",83012,"71,820","11,192",0,"5,022","3,144",,307,10.09,7.42,9.01,13.48%,11.10%,3.22%,8.87%,"5,838","3,720",1.57,,,,,,,,,,,,,,,,,,,
4-May,395,,,"11,587","8,769",75.68%,78,"1,954",16.86%,69.34%,19,864,7.46%,30.66%,"24,020","238,178",,"116,861",86061,"74,474","11,587",0,"3,896","3,049",,319,10.09,7.43,7.72,13.46%,12.96%,3.53%,9.35%,"5,958","3,807",1.56,,,,,,,,,,,,,,,,,,,
5-May,484,,,"12,071","9,002",74.58%,243,"2,197",18.20%,71.59%,8,872,7.22%,28.41%,"26,408","239,226",,"121,547",88924,"76,853","12,071",0,"4,686","2,863",,329,10.07,7.37,5.92,13.57%,16.91%,4.18%,9.70%,"5,990","3,769",1.59,,,,,,,,,,,,,,,,,,,
6-May,367,,,"12,438","9,226",74.18%,120,"2,317",18.63%,72.14%,23,895,7.20%,27.86%,"26,932","240,726",,"128,383",92976,"80,538","12,438",0,"6,836","4,052",,344,10.32,7.48,11.04,13.38%,9.06%,3.04%,10.59%,"5,914","3,599",1.64,,,,,,,,,,,,,,,,,,,
7-May,338,,,"12,776","9,465",74.08%,64,"2,381",18.64%,71.91%,35,930,7.28%,28.09%,"28,508","243,455",,"134,151",96717,"83,941","12,776",0,"5,768","3,741",,358,10.50,7.57,11.07,13.21%,9.04%,2.72%,10.91%,"5,650","3,481",1.62,,,,,,,,,,,,,,,,,,,
8-May,336,,,"13,112","9,675",73.79%,113,"2,494",19.02%,72.56%,13,943,7.19%,27.44%,"29,087","244,480",,"143,452",103361,"90,249","13,112",0,"9,301","6,644",,383,10.94,7.88,19.77,12.69%,5.06%,2.63%,9.55%,"5,878","3,832",1.53,,,,,,,,,,,,,,,,,,,
9-May,533,,,"13,645","10,079",73.87%,113,"2,607",19.11%,73.11%,16,959,7.03%,26.89%,"29,690","246,847",,"150,887",108699,"95,054","13,645",0,"7,435","5,338",,403,11.06,7.97,10.02,12.55%,9.99%,4.06%,9.72%,"6,135","4,119",1.49,,,,,,,,,,,,,,,,,,,
10-May,387,,,"14,032","10,361",73.84%,91,"2,698",19.23%,73.49%,14,973,6.93%,26.51%,"30,317","248,690",,"158,273",113452,"99,420","14,032",0,"7,386","4,753",,420,11.28,8.09,12.28,12.37%,8.14%,2.84%,9.33%,"6,473","4,349",1.49,,,,,,,,,,,,,,,,,,,
11-May,233,,,"14,265","10,393",72.86%,183,"2,881",20.20%,74.41%,18,991,6.95%,25.59%,"31,994","249,105",,"161,351",116358,"102,093","14,265",0,"3,078","2,906",,431,11.31,8.16,12.47,12.26%,8.02%,1.66%,8.84%,"6,356","4,328",1.47,,,,,,,,4328,8.84%,,,,,,,,,,
12-May,484,,,"14,749","10,679",72.40%,182,"3,063",20.77%,75.26%,16,"1,007",6.83%,24.74%,"32,147","251,861",,"165,128",119728,"104,979","14,749",0,"3,777","3,370",,443,11.20,8.12,6.96,12.32%,14.36%,3.39%,8.69%,"6,226","4,401",1.41,,,,,,,,4401,8.69%,,,,,,,,,,
13-May,689,,,"15,438","11,123",72.05%,224,"3,287",21.29%,76.18%,21,"1,028",6.66%,23.82%,"33,042","256,299",,"169,195",123572,"108,134","15,438",0,"4,067","3,844",,458,10.96,8.00,5.58,12.49%,17.92%,4.67%,9.81%,"5,830","4,371",1.33,,,,,,,,4371,9.81%,,,,,,,,,,
14-May,568,,,"16,006","11,445",71.50%,231,"3,518",21.98%,77.13%,15,"1,043",6.52%,22.87%,"33,672","258,639",,"173,690",127813,"111,807","16,006",0,"4,495","4,241",,473,10.85,7.99,7.47,12.52%,13.39%,3.68%,10.39%,"5,648","4,442",1.27,,,,,,,,4442,10.39%,,,,,,,,,,
15-May,490,,,"16,496","11,617",70.42%,285,"3,803",23.05%,77.95%,33,"1,076",6.52%,22.05%,"34,360","262,919",,"178,602",132060,"115,564","16,496",0,"4,912","4,247",,489,10.83,8.01,8.67,12.49%,11.54%,3.06%,11.79%,"5,021","4,100",1.22,,,,,,,,4100,11.79%,1887,62,"1,887",3.29%,3.29%,"2,360",428,"2,360",18.14%,18.14%
16-May,529,,,"17,025","12,025",70.63%,108,"3,911",22.97%,78.22%,13,"1,089",6.40%,21.78%,"35,069","269,449",,"182,818",135725,"118,700","17,025",0,"4,216","3,665",,503,10.74,7.97,6.93,12.54%,14.43%,3.21%,12.51%,"4,562","3,861",1.18,,,,,,,,3861,12.51%,1065,116,"1,476",10.89%,6.03%,"2,600",413,"2,480",15.88%,16.96%
17-May,489,,,"17,514","12,237",69.87%,218,"4,129",23.58%,78.25%,59,"1,148",6.55%,21.75%,"35,800","270,876",,"187,965",140473,"122,959","17,514",0,"5,147","4,748",,520,10.73,8.02,9.71,12.47%,10.30%,2.87%,12.89%,"4,242","3,860",1.10,,,,,,,,3860,12.89%,1378,127,"1,443",9.22%,7.04%,"3,370",362,"2,777",10.74%,14.44%
18-May,496,,,"18,010","12,495",69.38%,195,"4,324",24.01%,78.40%,43,"1,191",6.61%,21.60%,"11,422","45,047","56,469","190,660",143035,"125,025","18,010",0,"2,695","2,562",,530,10.59,7.94,5.17,12.59%,19.36%,2.83%,14.04%,"4,187","3,811",1.10,7927,,,,,,,3811,14.04%,1180,88,"1,378",7.46%,7.13%,"1,382",408,"2,428",29.52%,16.59%
19-May,486,,,"18,496","12,808",69.25%,143,"4,467",24.15%,78.53%,30,"1,221",6.60%,21.47%,"11,891","45,300","57,191","202,936",147799,"129,303","18,496",0,"12,276","4,764",,547,10.97,7.99,9.80,12.51%,10.20%,2.70%,13.35%,"5,401","4,010",1.35,7634,,,,,,,4010,13.35%,1193,43,"1,341",3.60%,6.50%,"3,571",443,"2,657",12.41%,15.46%
20-May,693,,,"19,189","13,372",69.69%,108,"4,575",23.84%,78.65%,21,"1,242",6.47%,21.35%,"11,705","44,703","56,408","211,883",154139,"134,950","19,189",0,"8,947","6,340",,571,11.04,8.03,9.15,12.45%,10.93%,3.75%,12.27%,"6,098","4,367",1.40,6922,,,,,,,4367,12.27%,1080,97,"1,297",8.98%,6.85%,"5,260",596,"3,091",11.33%,14.29%
21-May,973,,,"20,162","14,046",69.67%,263,"4,838",24.00%,79.10%,36,"1,278",6.34%,20.90%,"11,066","50,187","61,253","219,975",160374,"140,212","20,162",0,"8,092","6,235",,594,10.91,7.95,6.41,12.57%,15.61%,5.07%,12.76%,"6,612","4,652",1.42,7818,,,,,,,4652,12.76%,1252,70,"1,291",5.59%,6.67%,"4,983",903,"3,361",18.12%,15.10%
22-May,634,,,"20,796","14,413",69.31%,219,"5,057",24.32%,79.23%,48,"1,326",6.38%,20.77%,"11,028","47,150","58,178","229,334",168969,"148,173","20,796",0,"9,359","8,595",,626,11.03,8.13,13.56,12.31%,7.38%,3.14%,11.65%,"7,247","5,273",1.37,6778,,,,,,,5273,11.65%,1029,96,"1,168",9.33%,7.79%,"7,566",538,"4,105",7.11%,12.75%
23-May,949,,,"21,745","15,145",69.65%,192,"5,249",24.14%,79.53%,25,"1,351",6.21%,20.47%,"11,495","49,958","61,453","239,740",176035,"154,290","21,745",0,"10,406","7,066",,652,11.03,8.10,7.45,12.35%,13.43%,4.56%,11.71%,"8,132","5,759",1.41,7196,,,,,,,5759,11.71%,1496,127,"1,230",8.49%,7.53%,"5,570",822,"4,529",14.76%,12.84%
24-May,526,,,"22,271","15,497",69.58%,153,"5,402",24.26%,79.75%,21,"1,372",6.16%,20.25%,"11,389","42,551","53,940","248,555",179864,"157,593","22,271",0,"8,815","3,829",,666,11.16,8.08,7.28,12.38%,13.74%,2.42%,12.08%,"8,656","5,627",1.54,6514,,,,,,,5627,12.08%,1393,118,"1,232",8.47%,7.41%,"2,436",408,"4,395",16.75%,13.38%
25-May,479,,,"22,750","15,717",69.09%,240,"5,642",24.80%,80.22%,19,"1,391",6.11%,19.78%,"12,342","49,361","61,703","256,946",183192,"160,442","22,750",0,"8,391","3,328",,678,11.29,8.05,6.95,12.42%,14.39%,2.15%,11.80%,"9,469","5,737",1.65,7283,,,,,,,5737,11.80%,402,67,"1,121",16.67%,7.88%,"2,926",412,"4,616",14.08%,12.76%
26-May,415,,,"23,165","15,870",68.51%,235,"5,877",25.37%,80.56%,27,"1,418",6.12%,19.44%,"12,022","65,748","77,770","264,098",188302,"165,137","23,165",0,"7,152","5,110",,697,11.40,8.13,12.31,12.30%,8.12%,1.82%,11.53%,"8,737","5,786",1.51,8965,,,,,,,5786,11.53%,851,93,"1,072",10.93%,8.90%,"4,259",322,"4,714",7.56%,12.12%
27-May,686,,,"23,851","16,321",68.43%,180,"6,057",25.40%,80.44%,55,"1,473",6.18%,19.56%,"12,667","49,942","62,609","278,411",195518,"171,667","23,851",0,"14,313","7,216",,724,11.67,8.20,10.52,12.20%,9.51%,2.96%,11.27%,"9,504","5,911",1.61,7054,,,,,,,5911,11.27%,882,105,"1,044",11.90%,9.25%,"6,334",581,"4,868",9.17%,11.70%
28-May,687,,,"24,538","16,802",68.47%,183,"6,240",25.43%,80.66%,23,"1,496",6.10%,19.34%,"13,250","48,749","61,999","289,906",201311,"176,773","24,538",0,"11,495","5,793",,746,11.81,8.20,8.43,12.19%,11.86%,2.88%,10.69%,"9,990","5,848",1.71,6627,,,,,,,5848,10.69%,1061,103,"1,016",9.71%,9.97%,"4,732",584,"4,832",12.34%,10.84%
29-May,678,,,"25,216","17,204",68.23%,252,"6,492",25.75%,81.03%,24,"1,520",6.03%,18.97%,"12,499","49,212","61,711","300,545",205165,"179,949","25,216",0,"10,639","3,854",,760,11.92,8.14,5.68,12.29%,17.59%,2.76%,12.21%,"10,173","5,171",1.97,7536,,,,,,,5171,12.21%,1183,124,"1,038",10.48%,10.14%,"2,671",554,"4,133",20.74%,12.73%
30-May,557,,,"25,773","17,185",66.68%,523,"7,015",27.22%,81.68%,53,"1,573",6.10%,18.32%,"12,832","47,714","60,546","311,906",216769,"190,996","25,773",0,"11,361","11,604",,803,12.10,8.41,20.83,11.89%,4.80%,2.21%,9.89%,"10,309","5,819",1.77,5987,,,,,,,5819,9.89%,1854,100,"1,089",5.39%,9.31%,"9,750",457,"4,730",4.69%,10.02%
31-May,700,,,"26,473","17,552",66.30%,293,"7,308",27.61%,81.92%,40,"1,613",6.09%,18.08%,"12,913","49,936","62,849","323,376",223624,"197,151","26,473",0,"11,470","6,855",,828,12.22,8.45,9.79,11.84%,10.21%,2.72%,9.60%,"10,689","6,251",1.71,6035,,,,,,,6251,9.60%,1295,119,"1,075",9.19%,9.44%,"5,560",581,"5,176",10.45%,9.64%
1-Jun,467,,,"26,940","17,662",65.56%,329,"7,637",28.35%,82.31%,28,"1,641",6.09%,17.69%,"13,120","48,358","61,478","333,415",232113,"205,173","26,940",0,"10,039","8,489",,860,12.38,8.62,18.18,11.61%,5.50%,1.76%,8.56%,"10,924","6,989",1.56,5265,,,,,,,6989,8.56%,1607,111,"1,248",6.91%,8.65%,"6,882",356,"5,741",5.17%,8.55%
2-Jun,609,,,"27,549","17,951",65.16%,298,"7,935",28.80%,82.67%,22,"1,663",6.04%,17.33%,"13,213","48,023","61,236","342,464",237947,"210,398","27,549",0,"9,049","5,834",,881,12.43,8.64,9.58,11.58%,10.44%,2.26%,8.83%,"11,195","7,092",1.58,5408,,,,,,,7092,8.83%,1008,73,"1,270",7.24%,8.27%,"4,826",536,"5,822",11.11%,8.95%
3-Jun,684,,,"28,233","18,129",64.21%,471,"8,406",29.77%,83.19%,35,"1,698",6.01%,16.81%,"13,285","48,153","61,438","354,434",246433,"218,200","28,233",0,"11,970","8,486",,913,12.55,8.73,12.41,11.46%,8.06%,2.48%,8.61%,"10,860","7,274",1.49,5288,,,,,,,7274,8.61%,1135,83,"1,306",7.31%,7.80%,"7,351",601,"5,967",8.18%,8.78%
4-Jun,585,,,"28,818","18,205",63.17%,486,"8,892",30.86%,83.78%,23,"1,721",5.97%,16.22%,"13,416","47,373","60,789","367,640",251736,"222,918","28,818",0,"13,206","5,303",,932,12.76,8.74,9.06,11.45%,11.03%,2.07%,8.49%,"11,105","7,204",1.54,5160,,,,,,,7204,8.49%,1078,62,"1,309",5.75%,7.34%,"4,225",523,"5,895",12.38%,8.74%
5-Jun,703,,,"29,521","18,308",62.02%,551,"9,443",31.99%,84.21%,49,"1,770",6.00%,15.79%,"13,592","49,320","62,912","380,973",256810,"227,289","29,521",0,"13,333","5,074",,951,12.91,8.70,7.22,11.50%,13.85%,2.44%,8.34%,"11,490","7,378",1.56,5244,,,,,,,7378,8.34%,1771,83,"1,393",4.69%,6.47%,"3,303",620,"5,985",18.77%,8.77%
6-Jun,993,,,"30,514","18,806",61.63%,464,"9,907",32.47%,84.62%,31,"1,801",5.90%,15.38%,"13,347","46,571","59,918","394,068",264740,"234,226","30,514",0,"13,095","7,930",,981,12.91,8.68,7.99,11.53%,12.52%,3.36%,9.88%,"11,737","6,853",1.71,5922,,,,,,,6853,9.88%,1052,102,"1,278",9.70%,7.08%,"6,878",891,"5,575",12.95%,10.53%
7-Jun,672,,,"31,186","18,837",60.40%,591,"10,498",33.66%,85.01%,50,"1,851",5.94%,14.99%,"14,197","40,370","54,567","405,992",269146,"237,960","31,186",0,"11,924","4,406",,997,13.02,8.63,6.56,11.59%,15.25%,2.20%,10.35%,"11,802","6,503",1.81,5649,,,,,,,6503,10.35%,1831,160,"1,355",8.74%,7.11%,"2,575",512,"5,149",19.88%,11.21%
8-Jun,847,,,"32,033","19,246",60.08%,406,"10,904",34.04%,85.27%,32,"1,883",5.88%,14.73%,"14,010","38,791","52,801","412,980",274430,"242,397","32,033",0,"6,988","5,284",,"1,016",12.89,8.57,6.24,11.67%,16.03%,2.72%,12.04%,"11,366","6,045",1.88,6355,,,,,,,6045,12.04%,1920,96,"1,399",5.00%,6.73%,"3,364",751,"4,646",22.32%,13.63%
9-Jun,"1,043",,,"33,076","19,739",59.68%,510,"11,414",34.51%,85.58%,40,"1,923",5.81%,14.42%,"14,108","38,394","52,502","429,161",281653,"248,577","33,076",0,"16,181","7,223",,"1,043",12.97,8.52,6.93,11.74%,14.44%,3.26%,12.65%,"12,385","6,244",1.98,6639,,,,,,,6244,12.65%,1762,194,"1,507",11.01%,7.39%,"5,461",849,"4,737",15.55%,14.32%
10-Jun,"1,240",,,"34,316","20,228",58.95%,715,"12,129",35.35%,86.09%,36,"1,959",5.71%,13.91%,"14,242","43,945","58,187","446,918",287478,"253,162","34,316",0,"17,757","5,825",,"1,065",13.02,8.38,4.70,11.94%,21.29%,3.75%,14.82%,"13,212","5,864",2.25,8623,,,,,,,5864,14.82%,2098,147,"1,645",7.01%,7.33%,"3,727","1,093","4,219",29.33%,17.74%
11-Jun,979,,,"35,295","20,659",58.53%,507,"12,636",35.80%,86.34%,41,"2,000",5.67%,13.66%,"14,052","43,414","57,466","463,620",294671,"259,376","35,295",0,"16,702","7,193",,"1,091",13.14,8.35,7.35,11.98%,13.61%,2.85%,15.09%,"13,711","6,134",2.24,8669,,,,,,,6134,15.09%,3372,216,"1,972",6.41%,7.23%,"3,821",763,"4,161",19.97%,18.81%
12-Jun,"1,111",,,"36,406","21,145",58.08%,577,"13,213",36.29%,86.58%,48,"2,048",5.63%,13.42%,"13,923","37,538","51,461","478,953",302147,"265,741","36,406",0,"15,333","7,476",,"1,119",13.16,8.30,6.73,12.05%,14.86%,3.15%,15.19%,"13,997","6,477",2.16,7815,,,,,,,6477,15.19%,1387,76,"1,917",5.48%,7.38%,"6,089","1,035","4,559",17.00%,18.47%
13-Jun,"1,014",,,"37,420","21,553",57.60%,563,"13,776",36.81%,86.82%,43,"2,091",5.59%,13.18%,"13,578","42,450","56,028","495,527",313275,"275,855","37,420",0,"16,574","11,128",,"1,160",13.24,8.37,10.97,11.94%,9.11%,2.79%,14.23%,"14,494","6,934",2.09,7972,,,,,,,6934,14.23%,3394,33,"2,252",0.97%,5.85%,"7,734",981,"4,682",12.68%,18.26%
14-Jun,857,,,"38,277","21,612",56.46%,755,"14,531",37.96%,87.19%,43,"2,134",5.58%,12.81%,"13,574","41,639","55,213","514,287",322933,"284,656","38,277",0,"18,760","9,658",,"1,196",13.44,8.44,11.27,11.85%,8.87%,2.29%,13.18%,"15,471","7,684",2.01,7279,,,,,,,7684,13.18%,3308,115,"2,463",3.48%,5.09%,"6,350",742,"5,221",11.69%,17.00%
15-Jun,"1,017",,,"39,294","21,973",55.92%,592,"15,123",38.49%,87.31%,64,"2,198",5.59%,12.69%,"13,649","36,744","50,393","523,063",329190,"289,896","39,294",0,"8,776","6,257",,"1,219",13.31,8.38,6.15,11.94%,16.25%,2.66%,13.26%,"15,726","7,823",2.01,6682,,,,,,,7823,13.26%,1693,105,"2,431",6.20%,5.21%,"4,564",912,"5,392",19.98%,16.89%
16-Jun,"1,106",,,"40,400","22,466",55.61%,580,"15,703",38.87%,87.56%,33,"2,231",5.52%,12.44%,"13,510","29,124","42,634","540,115",339309,"298,909","40,400",0,"17,052","10,119",,"1,257",13.37,8.40,9.15,11.91%,10.93%,2.81%,12.70%,"15,851","8,237",1.92,5416,,,,,,,8237,12.70%,2823,94,"2,582",3.33%,4.35%,"7,296","1,012","5,654",13.87%,16.52%
17-Jun,"1,031",,,"41,431","22,912",55.30%,540,"16,243",39.20%,87.71%,45,"2,276",5.49%,12.29%,"13,279","42,714","55,993","559,872",348278,"306,847","41,431",0,"19,757","8,969",,"1,290",13.51,8.41,8.70,11.90%,11.50%,2.55%,11.70%,"16,136","8,686",1.86,6552,,,,,,,8686,11.70%,2872,147,"2,693",5.12%,4.17%,"6,097",884,"5,993",14.50%,15.09%
18-Jun,"1,331",,,"42,762","23,625",55.25%,555,"16,798",39.28%,87.78%,63,"2,339",5.47%,12.22%,"17,923","36,698","54,621","580,522",358659,"315,897","42,762",0,"20,650","10,381",,"1,328",13.58,8.39,7.80,11.92%,12.82%,3.21%,11.67%,"16,700","9,141",1.83,6374,,,,,,,9141,11.67%,3739,176,"2,745",4.71%,3.88%,"6,642","1,155","6,396",17.39%,15.01%
19-Jun,"1,041",,,"43,803","24,081",54.98%,551,"17,349",39.61%,87.97%,34,"2,373",5.42%,12.03%,"13,211","36,464","49,675","601,239",366581,"322,778","43,803",0,"20,717","7,922",,"1,358",13.73,8.37,7.61,11.95%,13.14%,2.43%,11.48%,"17,469","9,205",1.90,5703,,,,,,,9205,11.48%,3195,140,"3,003",4.38%,3.85%,"4,727",901,"6,201",19.06%,15.17%
20-Jun,"1,226",,,"45,029","24,717",54.89%,534,"17,883",39.71%,88.04%,56,"2,429",5.39%,11.96%,"13,150","37,336","50,486","621,156",374458,"329,429","45,029",0,"19,917","7,877",,"1,387",13.79,8.32,6.42,12.03%,15.56%,2.80%,12.44%,"17,947","8,740",2.05,6279,,,,,,,8740,12.44%,3578,178,"3,030",4.97%,4.50%,"4,299","1,048","5,711",24.38%,16.65%
21-Jun,862,,,"45,891","25,022",54.52%,521,"18,404",40.10%,88.19%,36,"2,465",5.37%,11.81%,"13,225","56,436","69,661","639,385",383105,"337,214","45,891",0,"18,229","8,647",,"1,419",13.93,8.35,10.03,11.98%,9.97%,1.91%,12.65%,"17,871","8,596",2.08,8815,,,,,,,8596,12.65%,2791,127,"2,956",4.55%,4.67%,"5,856",735,"5,640",12.55%,16.84%
22-Jun,954,,,"46,845","25,610",54.67%,331,"18,735",39.99%,88.23%,35,"2,500",5.34%,11.77%,"12,999","43,500","56,499","650,311",393117,"346,272","46,845",0,"10,926","10,012",,"1,456",13.88,8.39,10.49,11.92%,9.53%,2.08%,11.81%,"18,178","9,132",1.99,6674,,,,,,,9132,11.81%,2635,127,"3,090",4.82%,4.57%,"7,377",827,"6,042",11.21%,15.52%
23-Jun,"1,051",,,"47,896","26,120",54.53%,506,"19,241",40.17%,88.36%,35,"2,535",5.29%,11.64%,"13,348","35,983","49,331","668,219",401681,"353,785","47,896",0,"17,908","8,564",,"1,488",13.95,8.39,8.15,11.92%,12.27%,2.24%,12.02%,"18,301","8,910",2.05,5929,,,,,,,8910,12.02%,2841,166,"3,093",5.84%,4.90%,"5,723",885,"5,817",15.46%,15.80%
24-Jun,"1,113",,,"49,009","26,778",54.64%,417,"19,658",40.11%,88.43%,38,"2,573",5.25%,11.57%,"13,069","36,648","49,717","689,452",413919,"364,910","49,009",0,"21,233","12,238",,"1,533",14.07,8.45,11.00,11.84%,9.09%,2.32%,11.54%,"18,511","9,377",1.97,5740,,,,,,,9377,11.54%,3909,154,"3,241",3.94%,4.71%,"8,329",959,"6,136",11.51%,15.16%
25-Jun,"1,178",,,"50,187","27,118",54.03%,791,"20,449",40.75%,88.64%,47,"2,620",5.22%,11.36%,"13,323","37,294","50,617","708,962",427158,"376,971","50,187",0,"19,510","13,239",,"1,582",14.13,8.51,11.24,11.75%,8.90%,2.40%,10.84%,"18,349","9,786",1.88,5487,,,,,,,9786,10.84%,3927,195,"3,268",4.97%,4.75%,"9,312",983,"6,518",10.56%,13.89%
26-Jun,"1,240",,,"51,427","27,411",53.30%,884,"21,333",41.48%,88.83%,63,"2,683",5.22%,11.17%,"13,506","38,381","51,887","731,781",439907,"388,480","51,427",0,"22,819","12,749",,"1,629",14.23,8.55,10.28,11.69%,9.73%,2.47%,10.40%,"18,649","10,475",1.78,5395,,,,,,,10475,10.40%,4122,168,"3,400",4.08%,4.68%,"8,627","1,072","7,075",12.43%,13.14%
27-Jun,"1,385",,,"52,812","28,183",53.36%,576,"21,909",41.48%,88.96%,37,"2,720",5.15%,11.04%,"13,522","40,541","54,063","753,370",449569,"396,757","52,812",0,"21,589","9,662",,"1,665",14.27,8.51,6.98,11.75%,14.33%,2.69%,10.36%,"18,888","10,730",1.76,5602,,,,,,,10730,10.36%,2994,213,"3,317",7.11%,4.95%,"6,668","1,172","7,413",17.58%,12.78%
28-Jun,"1,198",,,"54,010","28,320",52.43%,"1,027","22,936",42.47%,89.28%,34,"2,754",5.10%,10.72%,"14,712","47,658","62,370","770,600",456636,"402,626","54,010",0,"17,230","7,067",,"1,691",14.27,8.45,5.90,11.83%,16.95%,2.27%,11.04%,"18,745","10,504",1.78,6887,,,,,,,10504,11.04%,3091,132,"3,360",4.27%,4.91%,"3,976","1,066","7,145",26.81%,13.92%
29-Jun,"1,082",,,"55,092","28,487",51.71%,864,"23,800",43.20%,89.46%,51,"2,805",5.09%,10.54%,"13,335","41,605","54,940","782,383",465683,"410,591","55,092",0,"11,783","9,047",,"1,725",14.20,8.45,8.36,11.83%,11.96%,2.00%,11.36%,"18,867","10,367",1.82,6244,,,,,,,10367,11.36%,1642,95,"3,218",5.79%,4.99%,"7,405",987,"7,149",13.33%,14.24%
30-Jun,"1,293",,,"56,385","28,703",50.91%,"1,006","24,806",43.99%,89.61%,71,"2,876",5.10%,10.39%,"13,182","43,797","56,979","803,898",477318,"420,933","56,385",0,"21,515","11,635",,"1,768",14.26,8.47,9.00,11.81%,11.11%,2.35%,11.22%,"19,383","10,805",1.79,6395,,,,,,,10805,11.22%,4266,198,"3,422",4.64%,4.82%,"7,369","1,095","7,384",14.86%,14.19%
1-Jul,"1,385",,,"57,770","29,241",50.62%,789,"25,595",44.31%,89.72%,58,"2,934",5.08%,10.28%,"13,296","45,192","58,488","825,636",492318,"434,548","57,770",0,"21,738","15,000",,"1,823",14.29,8.52,10.83,11.73%,9.23%,2.46%,11.17%,"19,455","11,200",1.74,6536,,,,,,,11200,11.17%,3277,204,"3,331",6.23%,5.17%,"11,723","1,181","7,869",10.07%,13.72%
2-Jul,"1,624",,,"59,394","29,740",50.07%,"1,072","26,667",44.90%,89.93%,53,"2,987",5.03%,10.07%,"13,359","40,778","54,137","849,155",503132,"443,738","59,394",0,"23,519","10,814",,"1,863",14.30,8.47,6.66,11.80%,15.02%,2.81%,12.12%,"20,028","10,853",1.85,6561,,,,,,,10853,12.12%,3325,198,"3,245",5.95%,5.32%,"7,489","1,426","7,608",19.04%,15.02%
3-Jul,"1,301",,,"60,695","30,091",49.58%,901,"27,568",45.42%,90.08%,49,"3,036",5.00%,9.92%,"13,609","38,767","52,376","871,436",519970,"459,275","60,695",0,"22,281","16,838",,"1,926",14.36,8.57,12.94,11.67%,7.73%,2.19%,11.58%,"19,951","11,438",1.74,6063,,,,,,,11438,11.58%,3447,144,"3,149",4.18%,5.37%,"13,391","1,157","8,289",8.64%,13.93%
4-Jul,"1,447",,,"62,142","30,834",49.62%,651,"28,219",45.41%,90.13%,53,"3,089",4.97%,9.87%,"14,205","38,890","53,095","894,428",529669,"467,527","62,142",0,"22,992","9,699",,"1,962",14.39,8.52,6.70,11.73%,14.92%,2.38%,11.65%,"20,151","11,443",1.76,6184,,,,,,,11443,11.65%,4199,215,"3,321",5.12%,5.10%,"5,500","1,232","8,122",22.40%,14.32%
5-Jul,"1,607",,,"63,749","31,473",49.37%,886,"29,105",45.66%,90.18%,82,"3,171",4.97%,9.82%,"13,767","39,928","53,695","915,482",540175,"476,426","63,749",0,"21,054","10,506",,"2,001",14.36,8.47,6.54,11.80%,15.30%,2.59%,11.66%,"20,697","11,934",1.73,6260,,,,,,,11934,11.66%,4251,256,"3,487",6.02%,5.37%,"6,255","1,351","8,447",21.60%,14.25%
6-Jul,"1,209",,,"64,958","31,798",48.95%,814,"29,919",46.06%,90.23%,70,"3,241",4.99%,9.77%,"13,360","38,748","52,108","928,238",552084,"487,126","64,958",0,"12,756","11,909",,"2,045",14.29,8.50,9.85,11.77%,10.15%,1.90%,11.42%,"20,836","12,343",1.69,5950,,,,,,,12343,11.42%,2748,231,"3,645",8.41%,5.67%,"9,161",978,"8,698",10.68%,13.83%
7-Jul,"1,268",,,"66,226","32,132",48.52%,866,"30,785",46.48%,90.29%,68,"3,309",5.00%,9.71%,"13,471","38,702","52,173","946,054",562759,"496,533","66,226",0,"17,816","10,675",,"2,084",14.29,8.50,8.42,11.77%,11.88%,1.95%,11.52%,"20,308","12,206",1.66,6009,,,,,,,12206,11.52%,2389,199,"3,377",8.33%,6.12%,"8,286","1,069","8,829",12.90%,13.58%
8-Jul,"1,853",,,"68,079","33,135",48.67%,800,"31,585",46.39%,90.39%,50,"3,359",4.93%,9.61%,"13,636","38,498","52,134","968,237",575536,"507,457","68,079",0,"22,183","12,777",,"2,132",14.22,8.45,6.90,11.83%,14.50%,2.80%,12.39%,"20,372","11,888",1.71,6458,,,,,,,11888,12.39%,3202,344,"3,366",10.74%,6.74%,"9,575","1,509","8,522",15.76%,14.62%
9-Jul,"2,657",,,"70,736","34,668",49.01%,"1,066","32,651",46.16%,90.53%,58,"3,417",4.83%,9.47%,"13,732","38,498","52,230","992,069",588080,"517,344","70,736",0,"23,832","12,544",,"2,178",14.02,8.31,4.72,12.03%,21.18%,3.90%,13.35%,"20,416","12,135",1.68,6974,,,,,,,12135,13.35%,4334,293,"3,510",6.76%,6.85%,"8,210","2,364","8,625",28.79%,16.00%
10-Jul,"1,611",,,"72,347","35,349",48.86%,878,"33,529",46.34%,90.62%,52,"3,469",4.79%,9.38%,"13,882","38,705","52,587","1,015,678",597468,"525,121","72,347",0,"23,609","9,388",,"2,213",14.04,8.26,5.83,12.11%,17.16%,2.28%,15.04%,"20,606","11,071",1.86,7907,,,,,,,11071,15.04%,4480,236,"3,658",5.27%,6.93%,"4,908","1,375","7,414",28.02%,19.03%
11-Jul,"1,671",,,"74,018","35,764",48.32%,"1,190","34,719",46.91%,90.76%,66,"3,535",4.78%,9.24%,"13,752","34,887","48,639","1,038,988","610,093","536,075","74,018",0,"23,310","12,625",,"2,260",14.04,8.24,7.56,12.13%,13.24%,2.31%,14.77%,"20,651","11,489",1.80,7182,,,,,,,11489,14.77%,4890,359,"3,756",7.34%,7.29%,"7,735","1,312","7,733",16.96%,18.40%
12-Jul,"1,681",,,"75,699","36,455",48.16%,919,"35,638",47.08%,90.81%,71,"3,606",4.76%,9.19%,"14,515","34,486","49,001","1,061,367","621,087","545,388","75,699",0,"22,379","10,994",,"2,300",14.02,8.20,6.54,12.19%,15.29%,2.27%,14.77%,"20,841","11,559",1.80,7237,,,,,,,11559,14.77%,3821,404,"3,695",10.57%,7.99%,"7,173","1,277","7,864",17.80%,17.96%
13-Jul,"1,282",,,"76,981","36,636",47.59%,"1,051","36,689",47.66%,90.94%,50,"3,656",4.75%,9.06%,"13,439","33,504","46,943","1,074,467","630,149","553,168","76,981",0,"13,100","9,062",,"2,334",13.96,8.19,7.07,12.22%,14.15%,1.69%,15.40%,"20,890","11,152",1.87,7230,,,,,,,11152,15.40%,2893,279,"3,716",9.64%,8.13%,"6,169","1,003","7,437",16.26%,19.04%
14-Jul,"1,591",,,"78,572","37,226",47.38%,947,"37,636",47.90%,91.03%,54,"3,710",4.72%,8.97%,,,"46,701","1,097,468","642,164","563,592","78,572",0,"23,001","12,015",,"2,378",13.97,8.17,7.55,12.24%,13.24%,2.07%,15.55%,"21,631","11,344",1.91,7261,,,,,,,11344,15.55%,4009,275,"3,947",6.86%,7.93%,"8,006","1,316","7,397",16.44%,19.62%
15-Jul,"1,522",,,"80,094","37,247",46.50%,"1,414","39,050",48.76%,91.14%,87,"3,797",4.74%,8.86%,,,"47,859","1,122,339","657,655","577,561","80,094",0,"24,871","15,491",,"2,436",14.01,8.21,10.18,12.18%,9.83%,1.94%,14.63%,"22,015","11,731",1.88,7002,,,,,,,11731,14.63%,4519,258,"4,135",5.71%,7.27%,"10,972","1,264","7,596",11.52%,18.64%
16-Jul,"1,574",,,"81,668","37,450",45.86%,"1,295","40,345",49.40%,91.24%,76,"3,873",4.74%,8.76%,,,"46,727","1,146,286","669,811","588,143","81,668",0,"23,947","12,156",,"2,481",14.04,8.20,7.72,12.19%,12.95%,1.97%,13.38%,"22,031","11,676",1.89,6250,,,,,,,11676,13.38%,4199,304,"4,116",7.24%,7.34%,"7,957","1,270","7,560",15.96%,16.66%
17-Jul,"1,462",,,"83,130","37,339",44.92%,"1,489","41,834",50.32%,91.36%,84,"3,957",4.76%,8.64%,,,"46,493","1,175,462","683,805","600,675","83,130",0,"29,176","13,994",,"2,533",14.14,8.23,9.57,12.16%,10.45%,1.79%,12.49%,"22,826","12,334",1.85,5807,,,,,,,12334,12.49%,4875,231,"4,172",4.74%,7.22%,"9,119","1,231","8,162",13.50%,15.18%
18-Jul,"1,752",,,"84,882","37,598",44.29%,"1,434","43,268",50.97%,91.51%,59,"4,016",4.73%,8.49%,,,"37,593","1,201,014","697,043","612,161","84,882",0,"25,552","13,238",,"2,582",14.15,8.21,7.56,12.18%,13.23%,2.11%,12.49%,"23,147","12,421",1.86,4697,,,,,,,12421,12.49%,6267,331,"4,369",5.28%,6.81%,"6,971","1,421","8,052",20.38%,15.58%
19-Jul,"1,639",,,"86,521","36,977",42.74%,"2,133","45,401",52.47%,91.64%,127,"4,143",4.79%,8.36%,,,"37,505","1,221,518","707,238","620,717","86,521",0,"20,504","10,195",,"2,619",14.12,8.17,6.22,12.23%,16.08%,1.93%,12.56%,"22,879","12,307",1.86,4711,,,,,,,12307,12.56%,4252,312,"4,431",7.34%,6.42%,"5,943","1,327","7,877",22.33%,16.02%
20-Jul,"1,693",,,"88,214","36,998",41.94%,"1,576","46,977",53.25%,91.72%,96,"4,239",4.81%,8.28%,,,"36,380","1,235,545","720,497","632,283","88,214",0,"14,027","13,259",,"2,669",14.01,8.17,7.83,12.24%,12.77%,1.96%,12.43%,"23,011","12,907",1.78,4523,,,,,,,12907,12.43%,2794,361,"4,416",12.92%,6.70%,"10,465","1,332","8,490",12.73%,15.41%
21-Jul,"1,655",,,"89,869","37,083",41.26%,"1,489","48,466",53.93%,91.82%,81,"4,320",4.81%,8.18%,,,"44,003","1,257,807","737,844","647,975","89,869",0,"22,262","17,347",,"2,733",14.00,8.21,10.48,12.18%,9.54%,1.88%,11.81%,"22,906","13,669",1.68,5195,,,,,,,13669,11.81%,5230,441,"4,591",8.43%,6.96%,"12,117","1,214","9,078",10.02%,14.26%
22-Jul,"1,882",,,"91,751","37,037",40.37%,"1,789","50,255",54.77%,91.85%,139,"4,459",4.86%,8.15%,,,"44,222","1,283,109","749,626","657,875","91,751",0,"25,302","11,782",,"2,776",13.98,8.17,6.26,12.24%,15.97%,2.09%,12.67%,"22,967","13,139",1.75,5605,,,,,,,13139,12.67%,4879,382,"4,642",7.83%,7.27%,"6,903","1,500","8,496",21.73%,15.63%
23-Jul,"1,906",,,"93,657","36,917",39.42%,"1,909","52,164",55.70%,91.94%,117,"4,576",4.89%,8.06%,,,"47,756","1,310,924","762,957","669,300","93,657",0,"27,815","13,331",,"2,826",14.00,8.15,6.99,12.28%,14.30%,2.08%,12.87%,"23,520","13,307",1.77,6147,,,,,,,13307,12.87%,5631,416,"4,847",7.39%,7.29%,"7,700","1,490","8,460",19.35%,16.07%
24-Jul,"1,761",,,"95,418","36,808",38.58%,"1,781","53,945",56.54%,92.04%,89,"4,665",4.89%,7.96%,,,"53,702","1,335,889","777,100","681,682","95,418",0,"24,965","14,143",,"2,878",14.00,8.14,8.03,12.28%,12.45%,1.88%,13.17%,"22,918","13,328",1.72,7073,,,,,,,13328,13.17%,4078,279,"4,733",6.84%,7.61%,"10,065","1,482","8,595",14.72%,16.23%
25-Jul,"1,868",,,"97,286","37,218",38.26%,"1,409","55,354",56.90%,92.15%,49,"4,714",4.85%,7.85%,,,"54,752","1,361,207","789,258","691,972","97,286",0,"25,318","12,158",,"2,923",13.99,8.11,6.51,12.33%,15.36%,1.96%,13.45%,"22,885","13,174",1.74,7365,,,,,,,13174,13.45%,4974,393,"4,548",7.90%,8.12%,"7,184","1,475","8,625",20.53%,16.26%
26-Jul,"1,492",,,"98,778","37,342",37.80%,"1,301","56,655",57.36%,92.22%,67,"4,781",4.84%,7.78%,,,"55,647","1,381,699","796,950","698,172","98,778",0,"20,492","7,692",,"2,952",13.99,8.07,5.16,12.39%,19.40%,1.53%,13.66%,"22,883","12,816",1.79,7603,,,,,,,12816,13.66%,4286,378,"4,553",8.82%,8.31%,"3,406","1,114","8,263",32.71%,16.61%
27-Jul,"1,525",,,"100,303","37,292",37.18%,"1,518","58,173",58.00%,92.32%,57,"4,838",4.82%,7.68%,,,"54,910","1,394,759","807,946","707,643","100,303",0,"13,060","10,996",,"2,992",13.91,8.06,7.21,12.41%,13.87%,1.54%,13.82%,"22,745","12,493",1.82,7591,,,,,,,12493,13.82%,2954,473,"4,576",16.01%,8.62%,"8,042","1,052","7,917",13.08%,16.83%
28-Jul,"1,748",,,"102,051","36,611",35.88%,"2,366","60,539",59.32%,92.51%,63,"4,901",4.80%,7.49%,,,"46,648","1,417,322","823,168","721,117","102,051",0,"22,563","15,222",,"3,049",13.89,8.07,8.71,12.40%,11.48%,1.74%,14.28%,"22,788","12,189",1.87,6660,,,,,,,12189,14.28%,6495,412,"4,757",6.34%,8.21%,"8,727","1,336","7,432",15.31%,18.16%
29-Jul,"2,381",,,"104,432","37,319",35.74%,"1,599","62,138",59.50%,92.59%,74,"4,975",4.76%,7.41%,,,"57,393","1,447,583","841,027","736,595","104,432",0,"30,261","17,859",,"3,115",13.86,8.05,7.50,12.42%,13.33%,2.33%,13.87%,"23,496","13,057",1.80,7963,,,,,,,13057,13.87%,4752,566,"4,739",11.91%,8.79%,"13,107","1,815","8,319",13.85%,16.77%
30-Jul,"1,904",,,"106,336","36,986",34.78%,"2,154","64,292",60.46%,92.71%,83,"5,058",4.76%,7.29%,,,"53,723","1,477,629","856,003","749,667","106,336",0,"30,046","14,976",,"3,170",13.90,8.05,7.87,12.42%,12.71%,1.82%,13.63%,"23,815","13,292",1.79,7321,,,,,,,13292,13.63%,5573,300,"4,730",5.38%,8.46%,"9,403","1,604","8,562",17.06%,16.48%
31-Jul,"2,040",,,"108,376","37,338",34.45%,"1,615","65,907",60.81%,92.78%,73,"5,131",4.73%,7.22%,,,"60,739","1,506,191","866,539","758,163","108,376",0,"28,562","10,536",,"3,209",13.90,8.00,5.16,12.51%,19.36%,1.92%,14.49%,"24,329","12,777",1.90,8800,,,,,,,12777,14.49%,5344,432,"4,911",8.08%,8.59%,"5,192","1,608","7,866",30.97%,18.17%
1-Aug,"1,560",,,"109,936","36,824",33.50%,"2,012","67,919",61.78%,92.90%,62,"5,193",4.72%,7.10%,,,"57,816","1,517,381","875,894","765,958","109,936",0,"11,190","9,355",,"3,244",13.80,7.97,6.00,12.55%,16.68%,1.44%,14.60%,"22,311","12,377",1.80,8442,,,,,,,12377,14.60%,3002,373,"4,629",12.43%,9.05%,"6,353","1,187","7,747",18.68%,17.92%
2-Aug,"1,519",,,"111,455","37,244",33.42%,"1,056","68,975",61.89%,92.94%,43,"5,236",4.70%,7.06%,,,"62,366","1,537,413","882,352","770,897","111,455",0,"20,032","6,458",,"3,268",13.79,7.92,4.25,12.63%,23.52%,1.38%,14.84%,"22,245","12,200",1.82,9258,,,,,,,12200,14.84%,3888,379,"4,573",9.75%,9.17%,"2,570","1,140","7,628",44.36%,18.25%
3-Aug,"1,679",,,"113,134","37,595",33.23%,"1,262","70,237",62.08%,92.98%,66,"5,302",4.69%,7.02%,,,"77,572","1,552,141","894,531","781,397","113,134",0,"14,728","12,179",,"3,313",13.72,7.91,7.25,12.65%,13.79%,1.51%,14.82%,"22,483","12,369",1.82,11495,,,,,,,12369,14.82%,4234,489,"4,755",11.55%,8.87%,"7,945","1,190","7,614",14.98%,18.54%
4-Aug,"1,922",,,"115,056","37,618",32.70%,"1,813","72,050",62.62%,93.04%,86,"5,388",4.68%,6.96%,,,"68,131","1,575,043","907,987","792,931","115,056",0,"22,902","13,456",,"3,363",13.69,7.89,7.00,12.67%,14.28%,1.70%,15.33%,"22,532","12,117",1.86,10446,,,,,,,12117,15.33%,3537,466,"4,333",13.18%,9.91%,"9,919","1,456","7,784",14.68%,18.35%
5-Aug,"1,815",,,"116,871","37,530",32.11%,"1,839","73,889",63.22%,93.13%,64,"5,452",4.66%,6.87%,,,"94,593","1,603,781","922,709","805,838","116,871",0,"28,738","14,722",,"3,417",13.72,7.90,8.11,12.67%,12.33%,1.58%,15.23%,"22,314","11,669",1.91,14405,,,,,,,11669,15.23%,4287,357,"4,266",8.33%,9.36%,"10,435","1,458","7,402",13.97%,18.61%
6-Aug,"1,882",,,"118,753","37,587",31.65%,"1,756","75,645",63.70%,93.20%,69,"5,521",4.65%,6.80%,,,"91,219","1,633,156","936,311","817,558","118,753",0,"29,375","13,602",,"3,468",13.75,7.88,7.23,12.68%,13.84%,1.61%,15.46%,"22,218","11,473",1.94,14104,,,,,,,11473,15.46%,5387,597,"4,240",11.08%,10.42%,"8,215","1,285","7,233",15.64%,18.42%
7-Aug,"2,473",,,"121,226","38,076",31.41%,"1,912","77,557",63.98%,93.27%,72,"5,593",4.61%,6.73%,,,"80,200","1,663,315","951,910","830,684","121,226",0,"30,159","15,599",,"3,526",13.72,7.85,6.31,12.74%,15.85%,2.08%,15.05%,"22,446","12,196",1.84,12072,,,,,,,12196,15.05%,6061,663,"4,342",10.94%,10.94%,"9,538","1,810","7,854",18.98%,17.33%
8-Aug,"2,277",,,"123,503","38,539",31.20%,"1,749","79,306",64.21%,93.34%,65,"5,658",4.58%,6.66%,,,"83,624","1,693,880","963,602","840,099","123,503",0,"30,565","11,692",,"3,569",13.72,7.80,5.13,12.82%,19.47%,1.88%,15.47%,"25,214","12,530",2.01,12935,,,,,,,12530,15.47%,5994,716,"4,770",11.95%,10.98%,"5,698","1,561","7,760",27.40%,18.23%
9-Aug,"1,893",,,"125,396","38,721",30.88%,"1,646","80,952",64.56%,93.40%,65,"5,723",4.56%,6.60%,,,"86,224","1,715,798","972,594","847,198","125,396",0,"21,918","8,992",,"3,602",13.68,7.76,4.75,12.89%,21.05%,1.53%,15.45%,"25,484","12,892",1.98,13320,,,,,,,12892,15.45%,4102,472,"4,800",11.51%,11.19%,"4,890","1,421","8,091",29.06%,17.97%
10-Aug,"1,687",,,"127,083","39,082",30.75%,"1,284","82,236",64.71%,93.45%,42,"5,765",4.54%,6.55%,,,"84,139","1,731,634","984,893","857,810","127,083",0,"15,836","12,299",,"3,648",13.63,7.75,7.29,12.90%,13.72%,1.35%,15.44%,"25,642","12,909",1.99,12988,,,,,,,12909,15.44%,2611,479,"4,568",18.35%,11.73%,"9,688","1,208","8,340",12.47%,17.47%
11-Aug,"1,693",,,"128,776","39,242",30.47%,"1,474","83,710",65.00%,93.50%,59,"5,824",4.52%,6.50%,,,"85,928","1,757,425","998,406","869,630","128,776",0,"25,791","13,513",,"3,698",13.65,7.75,7.98,12.90%,12.53%,1.33%,15.17%,"26,055","12,917",2.02,13039,,,,,,,12917,15.17%,4522,471,"4,709",10.42%,11.39%,"8,991","1,222","8,208",13.59%,17.34%
12-Aug,"1,942",,,"130,718","39,017",29.85%,"2,088","85,798",65.64%,93.56%,79,"5,903",4.52%,6.44%,,,"86,619","1,783,673","1,012,104","881,386","130,718",0,"26,248","13,698",,"3,749",13.65,7.74,7.05,12.92%,14.18%,1.51%,15.49%,"25,699","12,771",2.01,13417,,,,,,,12771,15.49%,4117,578,"4,685",14.04%,12.12%,"9,581","1,364","8,086",14.24%,17.44%
13-Aug,"2,098",,,"132,816","39,290",29.58%,"1,760","87,558",65.92%,93.62%,65,"5,968",4.49%,6.38%,,,"76,515","1,809,487","1,026,954","894,138","132,816",0,"25,814","14,850",,"3,804",13.62,7.73,7.08,12.93%,14.13%,1.60%,15.51%,"25,190","12,949",1.95,11871,,,,,,,12949,15.51%,5049,621,"4,637",12.30%,12.32%,"9,801","1,477","8,312",15.07%,17.29%
14-Aug,"2,307",,,"135,123","39,484",29.22%,"2,060","89,618",66.32%,93.70%,53,"6,021",4.46%,6.30%,,,"75,527","1,835,505","1,039,682","904,559","135,123",0,"26,018","12,728",,"3,851",13.58,7.69,5.52,13.00%,18.13%,1.74%,15.83%,"24,599","12,539",1.96,11958,,,,,,,12539,15.83%,5025,575,"4,489",11.44%,12.45%,"7,703","1,732","8,050",22.48%,17.72%
15-Aug,"2,345",,,"137,468","40,076",29.15%,"1,703","91,321",66.43%,93.77%,50,"6,071",4.42%,6.23%,,,"76,327","1,862,801","1,052,503","915,035","137,468",0,"27,296","12,821",,"3,898",13.55,7.66,5.47,13.06%,18.29%,1.74%,15.71%,"24,132","12,700",1.90,11990,,,,,,,12700,15.71%,6173,598,"4,514",9.69%,12.01%,"6,648","1,747","8,186",26.28%,17.75%
16-Aug,"2,081",,,"139,549","40,296",28.88%,"1,782","93,103",66.72%,93.80%,79,"6,150",4.41%,6.20%,,,"77,090","1,888,215","1,061,721","922,172","139,549",0,"25,414","9,218",,"3,932",13.53,7.61,4.43,13.14%,22.58%,1.51%,15.88%,"24,631","12,732",1.93,12242,,,,,,,12732,15.88%,4992,519,"4,641",10.40%,11.82%,"4,226","1,562","8,091",36.96%,18.21%
17-Aug,"1,821",,,"141,370","40,705",28.79%,"1,355","94,458",66.82%,93.83%,57,"6,207",4.39%,6.17%,,,"78,659","1,900,668","1,068,945","927,575","141,370",0,"12,453","7,224",,"3,959",13.44,7.56,3.97,13.23%,25.21%,1.30%,17.00%,"24,148","12,007",2.01,13370,,,,,,,12007,17.00%,3766,539,"4,806",14.31%,11.59%,"3,458","1,282","7,201",37.07%,20.60%
18-Aug,"1,673",,,"143,043","40,460",28.29%,"1,848","96,306",67.33%,93.88%,70,"6,277",4.39%,6.12%,,,"78,394","1,915,039","1,081,354","938,311","143,043",0,"14,371","12,409",,"4,005",13.39,7.56,7.42,13.23%,13.48%,1.18%,17.20%,"22,516","11,850",1.90,13484,,,,,,,11850,17.20%,4901,504,"4,860",10.28%,11.56%,"7,508","1,169","6,989",15.57%,21.12%
19-Aug,"1,902",,,"144,945","39,942",27.56%,"2,351","98,657",68.07%,93.96%,69,"6,346",4.38%,6.04%,,,"79,174","1,941,117","1,096,294","951,349","144,945",0,"26,078","14,940",,"4,060",13.39,7.56,7.85,13.22%,12.73%,1.33%,16.90%,"22,492","12,027",1.87,13379,,,,,,,12027,16.90%,3851,564,"4,822",14.65%,11.61%,"11,089","1,338","7,205",12.07%,20.44%
20-Aug,"2,266",,,"147,211","40,119",27.25%,"2,017","100,674",68.39%,94.01%,72,"6,418",4.36%,5.99%,,,"79,484","1,969,941","1,108,068","960,857","147,211",0,"28,824","11,774",,"4,104",13.38,7.53,5.20,13.29%,19.25%,1.56%,17.75%,"22,922","11,588",1.98,14106,,,,,,,11588,17.75%,6391,595,"5,014",9.31%,11.09%,"5,383","1,671","6,574",31.04%,22.82%
21-Aug,"2,197",,,"149,408","39,917",26.72%,"2,317","102,991",68.93%,94.06%,82,"6,500",4.35%,5.94%,,,"78,877","1,989,870","1,121,602","972,194","149,408",,"19,929","13,534",,"4,154",13.32,7.51,6.16,13.32%,16.23%,1.49%,17.44%,"22,052","11,703",1.88,13754,,,,,,,11703,17.44%,3728,641,"4,829",17.19%,11.72%,"9,806","1,556","6,874",15.87%,21.46%
22-Aug,"2,090",,,"151,498","39,706",26.21%,"2,207","105,198",69.44%,94.10%,94,"6,594",4.35%,5.90%,,,"75,457","2,014,619","1,139,768","988,270","151,498",,"24,749","18,166",,"4,221",13.30,7.52,8.69,13.29%,11.51%,1.40%,16.08%,"21,688","12,466",1.74,12132,,,,,,,12466,16.08%,4418,601,"4,578",13.60%,12.37%,"13,748","1,489","7,888",10.83%,18.23%
23-Aug,"2,037",,,"153,535","39,355",25.63%,"2,302","107,500",70.02%,94.15%,86,"6,680",4.35%,5.85%,,,"75,522","2,036,771","1,157,184","1,003,649","153,535",,"22,152","17,416",,"4,286",13.27,7.54,8.55,13.27%,11.70%,1.34%,14.65%,"21,222","13,638",1.56,11065,,,,,,,13638,14.65%,5122,637,"4,597",12.44%,12.68%,"12,294","1,400","9,041",11.39%,15.65%
24-Aug,"1,877",,,"155,412","37,593",24.19%,"3,560","111,060",71.46%,94.26%,79,"6,759",4.35%,5.74%,,,"76,745","2,056,166","1,173,369","1,017,957","155,412",,"19,395","16,185",,"4,346",13.23,7.55,8.62,13.24%,11.60%,1.22%,13.45%,"22,214","14,918",1.49,10320,,,,,,,14918,13.45%,3691,659,"4,586",17.85%,13.09%,"12,494","1,218","10,332",9.75%,13.61%
25-Aug,"2,447",,,"157,859","38,134",24.16%,"1,807","112,867",71.50%,94.27%,99,"6,858",4.34%,5.73%,,,"76,667","2,077,441","1,191,948","1,034,089","157,859",,"21,275","18,579",,"4,415",13.16,7.55,7.59,13.24%,13.17%,1.57%,13.40%,"23,200","15,799",1.47,10271,,,,,,,15799,13.40%,4511,639,"4,530",14.17%,13.67%,"14,068","1,808","11,269",12.85%,13.29%
26-Aug,"2,306",,,"160,165","37,812",23.61%,"2,542","115,409",72.06%,94.32%,86,"6,944",4.34%,5.68%,,,"77,056","2,106,753","1,212,468","1,052,303","160,165",,"29,312","20,520",,"4,491",13.15,7.57,8.90,13.21%,11.24%,1.46%,13.10%,"23,662","16,596",1.43,10095,,,,,,,16596,13.10%,4454,708,"4,616",15.90%,13.86%,"16,066","1,598","11,980",9.95%,12.81%
27-Aug,"2,719",,,"162,884","37,245",22.87%,"3,166","118,575",72.80%,94.38%,120,"7,064",4.34%,5.62%,,,"76,201","2,136,416","1,233,486","1,070,602","162,884",,"29,663","21,018",,"4,568",13.12,7.57,7.73,13.21%,12.94%,1.70%,12.50%,"23,782","17,917",1.33,9523,,,,,,,17917,12.50%,7127,820,"4,722",11.51%,14.24%,"13,891","1,899","13,195",13.67%,11.87%
28-Aug,"3,003",,,"165,887","37,818",22.80%,"2,325","120,900",72.88%,94.40%,105,"7,169",4.32%,5.60%,,,"77,857","2,169,498","1,250,135","1,084,248","165,887",,"33,082","16,649",,"4,630",13.08,7.54,5.54,13.27%,18.04%,1.84%,12.82%,"25,661","18,362",1.40,9982,,,,,,,18362,12.82%,5709,847,"5,005",14.84%,14.02%,"10,940","2,156","13,357",19.71%,12.37%
29-Aug,"3,308",,,"169,195","39,132",23.13%,"1,902","122,802",72.58%,94.42%,92,"7,261",4.29%,5.58%,,,"76,252","2,198,403","1,271,301","1,102,106","169,195",,"28,905","21,166",,"4,709",12.99,7.51,6.40,13.31%,15.63%,1.99%,13.45%,"26,255","18,790",1.40,10259,,,,,,,18790,13.45%,6705,857,"5,331",12.78%,13.85%,"14,461","2,451","13,459",16.95%,13.30%
30-Aug,"2,858",,,"172,053","40,525",23.55%,"1,383","124,185",72.18%,94.42%,82,"7,343",4.27%,5.58%,,,"77,951","2,224,337","1,282,618","1,110,565","172,053",,"25,934","11,317",,"4,750",12.93,7.45,3.96,13.41%,25.25%,1.69%,14.76%,"26,795","17,919",1.50,11508,,,,,,,17919,14.76%,4872,1114,"5,296",22.87%,15.23%,"6,445","1,744","12,624",27.06%,14.57%
31-Aug,"2,743",,,"174,796","41,420",23.70%,"1,774","125,959",72.06%,94.44%,74,"7,417",4.24%,5.56%,,,"79,320","2,239,642","1,297,184","1,122,388","174,796",,"15,305","14,566",,"4,804",12.81,7.42,5.31,13.48%,18.83%,1.59%,15.66%,"26,211","17,688",1.48,12418,,,,,,,17688,15.66%,4315,1029,"5,385",23.85%,15.96%,"10,251","1,714","12,303",16.72%,15.52%
1-Sep,"2,775",,,"177,571","42,009",23.66%,"2,098","128,057",72.12%,94.46%,88,"7,505",4.23%,5.54%,,,"80,675","2,270,267","1,312,477","1,134,906","177,571",,"30,625","15,293",,"4,861",12.79,7.39,5.51,13.53%,18.15%,1.59%,16.35%,"27,547","17,218",1.60,13194,,,,,,,17218,16.35%,6144,941,"5,618",15.32%,16.06%,"9,149","1,834","11,600",20.05%,16.50%
2-Sep,"3,075",,,"180,646","43,059",23.84%,"1,914","129,971",71.95%,94.46%,111,"7,616",4.22%,5.54%,,,"81,757","2,301,268","1,333,985","1,153,339","180,646",,"31,001","21,508",,"4,941",12.74,7.38,6.99,13.54%,14.30%,1.73%,16.85%,"27,788","17,360",1.60,13780,,,,,,,17360,16.85%,5672,1053,"5,792",18.56%,16.43%,"15,836","2,022","11,568",12.77%,17.07%
3-Sep,"3,622",,,"184,268","44,463",24.13%,"2,084","132,055",71.66%,94.46%,134,"7,750",4.21%,5.54%,,,"84,701","2,338,865","1,353,291","1,169,023","184,268",,"37,597","19,306",,"5,012",12.69,7.34,5.33,13.62%,18.76%,2.01%,17.85%,"28,921","17,115",1.69,15118,,,,,,,17115,17.85%,7270,1405,"5,812",19.33%,17.81%,"12,036","2,217","11,303",18.42%,17.87%
4-Sep,"3,269",,,"187,537","45,524",24.27%,"2,126","134,181",71.55%,94.49%,82,"7,832",4.18%,5.51%,,,"85,178","2,375,133","1,371,391","1,183,854","187,537",,"36,268","18,100",,"5,079",12.66,7.31,5.54,13.67%,18.06%,1.77%,17.85%,"29,376","17,322",1.70,15208,,,,,,,17322,17.85%,7491,896,"6,067",11.96%,17.18%,"10,609","2,373","11,255",22.37%,18.22%
5-Sep,"3,128",,,"190,665","46,324",24.30%,"2,220","136,401",71.54%,94.50%,108,"7,940",4.16%,5.50%,,,"86,778","2,405,773","1,388,288","1,197,623",,,"30,640","16,897",,"5,142",12.62,7.28,5.40,13.73%,18.51%,1.67%,18.35%,"29,624","16,712",1.77,15926,,,,,,,16712,18.35%,7248,842,"6,145",11.62%,16.93%,"9,649","2,286","10,568",23.69%,19.18%
6-Sep,"3,444",,,"194,109","47,509",24.48%,"2,174","138,575",71.39%,94.53%,85,"8,025",4.13%,5.47%,,,"89,701","2,433,752","1,401,513","1,207,404",,,"27,979","13,225",,"5,191",12.54,7.22,3.84,13.85%,26.04%,1.81%,18.55%,"29,916","16,985",1.76,16640,,,,,,,16985,18.55%,6362,1245,"6,357",19.57%,16.65%,"6,863","2,199","10,628",32.04%,19.69%
7-Sep,"2,880",,,"196,989","48,207",24.47%,"2,077","140,652",71.40%,94.54%,105,"8,130",4.13%,5.46%,,,"89,992","2,452,164","1,417,694","1,220,705",,,"18,412","16,181",,"5,251",12.45,7.20,5.62,13.90%,17.80%,1.48%,18.42%,"30,360","17,216",1.76,16573,,,,,,,17216,18.42%,4871,1105,"6,437",22.69%,16.62%,"11,310","1,775","10,779",15.69%,19.49%
8-Sep,"3,046",,,"200,035","48,847",24.42%,"2,306","142,958",71.47%,94.56%,100,"8,230",4.11%,5.44%,,,"90,952","2,484,807","1,434,294","1,234,259",,,"32,643","16,600",,"5,312",12.42,7.17,5.45,13.95%,18.35%,1.55%,18.44%,"30,649","17,402",1.76,16772,,,,,,,17402,18.44%,6856,948,"6,539",13.83%,16.37%,"9,744","2,098","10,864",21.53%,19.69%
9-Sep,"3,307",,,"203,342","49,806",24.49%,"2,242","145,200",71.41%,94.57%,106,"8,336",4.10%,5.43%,,,"92,330","2,514,670","1,449,629","1,246,287",,,"29,863","15,335",,"5,369",12.37,7.13,4.64,14.03%,21.57%,1.65%,19.63%,"30,486","16,521",1.85,18120,,,,,,,16521,19.63%,7923,1024,"6,860",12.92%,15.55%,"7,412","2,283","9,660",30.80%,22.52%
10-Sep,"3,861",,,"207,203","51,237",24.73%,"2,310","147,510",71.19%,94.58%,120,"8,456",4.08%,5.42%,,,"95,501","2,549,579","1,469,943","1,262,740",,,"34,909","20,314",,"5,444",12.30,7.09,5.26,14.10%,19.01%,1.90%,19.66%,"30,102","16,665",1.81,18776,,,,,,,16665,19.66%,6383,1450,"6,733",22.72%,15.93%,"13,931","2,411","9,931",17.31%,22.19%
11-Sep,"3,737",,,"210,940","52,179",24.74%,"2,707","150,217",71.21%,94.62%,88,"8,544",4.05%,5.38%,,,"94,886","2,581,433","1,498,292","1,287,352",,,"31,854","28,349",,"5,549",12.24,7.10,7.59,14.08%,13.18%,1.80%,18.44%,"29,471","18,129",1.63,17499,,,,,,,18129,18.44%,6982,1103,"6,661",15.80%,16.55%,"21,367","2,634","11,468",12.33%,19.54%
12-Sep,"3,806",,,"214,746","53,638",24.98%,"2,241","152,458",70.99%,94.63%,106,"8,650",4.03%,5.37%,,,"95,539","2,620,004","1,523,214","1,308,468",,,"38,571","24,922",,"5,642",12.20,7.09,6.55,14.10%,15.27%,1.80%,17.85%,"30,604","19,275",1.59,17051,,,,,,,19275,17.85%,7644,1051,"6,717",13.75%,16.86%,"17,278","2,755","12,558",15.95%,18.38%
13-Sep,"3,636",,,"218,382","54,649",25.02%,"2,552","155,010",70.98%,94.67%,73,"8,723",3.99%,5.33%,,,"97,227","2,650,104","1,549,352","1,330,970",,,"30,100","26,138",,"5,738",12.14,7.09,7.19,14.10%,13.91%,1.69%,16.42%,"30,907","21,120",1.46,15963,,,,,,,21120,16.42%,6547,1492,"6,744",22.79%,17.31%,"19,591","2,144","14,376",10.94%,16.00%
14-Sep,"3,141",,,"221,523","54,277",24.50%,"3,395","158,405",71.51%,94.71%,118,"8,841",3.99%,5.29%,,,"98,842","2,672,710","1,569,545","1,348,022",,,"22,606","20,193",,"5,813",12.07,7.09,6.43,14.11%,15.55%,1.44%,16.16%,"31,507","21,693",1.45,15970,,,,,,,21693,16.16%,3834,1062,"6,596",27.70%,17.61%,"16,359","2,079","15,097",12.71%,15.52%
15-Sep,"3,507",,,"225,030","55,000",24.44%,"2,660","161,065",71.57%,94.73%,124,"8,965",3.98%,5.27%,,,"99,634","2,715,346","1,592,056","1,367,026",,,"42,636","22,511",,"5,897",12.07,7.07,6.42,14.13%,15.58%,1.58%,15.84%,"32,934","22,537",1.46,15785,,,,,,,22537,15.84%,7141,1027,"6,636",14.38%,17.67%,"15,370","2,480","15,901",16.14%,15.08%
16-Sep,"3,963",,,"228,993","55,792",24.36%,"3,036","164,101",71.66%,94.75%,135,"9,100",3.97%,5.25%,,,"100,236","2,755,120","1,622,769","1,393,776",,,"39,774","30,713",,"6,010",12.03,7.09,7.75,14.11%,12.90%,1.76%,14.82%,"34,350","24,734",1.39,14850,,,,,,,24734,14.82%,5561,1505,"6,299",27.06%,19.71%,"25,152","2,458","18,435",9.77%,13.14%
17-Sep,"3,635",,,"232,628","56,720",24.38%,"2,585","166,686",71.65%,94.76%,122,"9,222",3.96%,5.24%,,,"103,209","2,796,924","1,652,324","1,419,696",,,"41,804","29,555",,"6,120",12.02,7.10,8.13,14.08%,12.30%,1.59%,13.94%,"35,335","26,054",1.36,14388,,,,,,,26054,13.94%,7615,1014,"6,475",13.32%,18.21%,"21,940","2,621","19,580",11.95%,12.53%
18-Sep,"3,891",,,"236,519","56,409",23.85%,"4,088","170,774",72.20%,94.82%,114,"9,336",3.95%,5.18%,,,"104,866","2,841,352","1,676,648","1,440,129",,,"44,428","24,324",,"6,210",12.01,7.09,6.25,14.11%,16.00%,1.67%,14.34%,"37,131","25,479",1.46,15039,,,,,,,25479,14.34%,8192,1403,"6,648",17.13%,18.38%,"16,132","2,488","18,832",15.42%,12.92%
19-Sep,"4,168",,,"240,687","56,889",23.64%,"3,576","174,350",72.44%,94.86%,112,"9,448",3.93%,5.14%,,,"107,863","2,885,895","1,698,202","1,457,515",,,"44,543","21,554",,"6,290",11.99,7.06,5.17,14.17%,19.34%,1.76%,14.82%,"37,984","24,998",1.52,15990,,,,,,,24998,14.82%,7182,932,"6,582",12.98%,18.31%,"14,372","3,236","18,417",22.52%,13.58%
20-Sep,"3,989",,,"244,676","57,796",23.62%,"2,977","177,327",72.47%,94.89%,105,"9,553",3.90%,5.11%,,,"107,370","2,922,648","1,718,175","1,473,499",,,"36,753","19,973",,"6,364",11.94,7.02,5.01,14.24%,19.97%,1.66%,15.57%,"38,935","24,118",1.61,16723,,,,,,,24118,15.57%,8010,1079,"6,791",13.47%,16.88%,"11,963","2,910","17,327",24.33%,15.06%
21-Sep,"4,176",,,"248,852","58,378",23.46%,"3,470","180,797",72.65%,94.92%,124,"9,677",3.89%,5.08%,,,"108,880","2,950,173","1,743,000","1,494,148",,,"27,525","24,825",,"6,456",11.86,7.00,5.94,14.28%,16.82%,1.71%,15.76%,"39,638","24,779",1.60,17155,,,,,,,24779,15.76%,5451,1227,"7,022",22.51%,16.66%,"19,374","2,949","17,758",15.22%,15.40%
22-Sep,"4,071",,,"252,923","58,788",23.24%,"3,501","184,298",72.87%,94.93%,160,"9,837",3.89%,5.07%,,,"109,721","2,994,069","1,774,065","1,521,142",,,"43,896","31,065",,"6,571",11.84,7.01,7.63,14.26%,13.10%,1.64%,15.33%,"39,818","26,001",1.53,16815,,,,,,,26001,15.33%,8148,1033,"7,166",12.68%,16.33%,"22,917","3,038","18,836",13.26%,14.94%
23-Sep,"4,465",,,"257,388","59,453",23.10%,"3,660","187,958",73.03%,94.96%,140,"9,977",3.88%,5.04%,,,"109,541","3,032,250","1,799,563","1,542,175",,,"38,181","25,498",,"6,665",11.78,6.99,5.71,14.30%,17.51%,1.77%,16.06%,"39,590","25,256",1.57,17593,,,,,,,25256,16.06%,7854,1187,"7,493",15.11%,15.01%,"17,644","3,278","17,763",18.58%,16.50%
24-Sep,"4,634",,,"262,022","60,064",22.92%,"3,895","191,853",73.22%,95.00%,128,"10,105",3.86%,5.00%,,,"110,910","3,074,814","1,834,349","1,572,327",,,"42,564","34,786",,"6,794",11.73,7.00,7.51,14.28%,13.32%,1.80%,16.15%,"39,699","26,004",1.53,17910,,,,,,,26004,16.15%,7618,1305,"7,494",17.13%,15.57%,"27,168","3,329","18,510",12.25%,16.38%
25-Sep,"4,823",,,"266,845","60,431",22.65%,"4,343","196,196",73.52%,95.05%,113,"10,218",3.83%,4.95%,,,"112,082","3,120,947","1,860,768","1,593,923",,,"46,133","26,419",,"6,892",11.70,6.97,5.48,14.34%,18.26%,1.84%,16.47%,"39,942","26,303",1.52,18461,,,,,,,26303,16.47%,8144,1289,"7,487",15.83%,15.36%,"18,275","3,534","18,816",19.34%,16.91%
26-Sep,"4,494",,,"271,339","61,628",22.71%,"3,207","199,403",73.49%,95.08%,90,"10,308",3.80%,4.92%,,,"119,379","3,169,783","1,886,426","1,615,087",,,"48,836","25,658",,"6,987",11.68,6.95,5.71,14.38%,17.52%,1.68%,16.28%,"40,555","26,889",1.51,19441,,,,,,,26889,16.28%,8289,1257,"7,645",15.16%,15.65%,"17,369","3,237","19,244",18.64%,16.54%
27-Sep,"3,874",,,"275,213","61,813",22.46%,"3,611","203,014",73.77%,95.13%,78,"10,386",3.77%,4.87%,,,"129,553","3,207,055","1,907,226","1,632,013",,,"37,272","20,800",,"7,064",11.65,6.93,5.37,14.43%,18.63%,1.43%,16.15%,"40,630","27,007",1.50,20926,,,,,,,27007,16.15%,8917,1186,"7,774",13.30%,15.59%,"11,883","2,688","19,233",22.62%,16.38%
28-Sep,"3,509",,,"278,722","61,379",22.02%,"3,856","206,870",74.22%,95.18%,87,"10,473",3.76%,4.82%,,,"131,361","3,239,244","1,934,863","1,656,141",,,"32,189","27,637",,"7,166",11.62,6.94,7.88,14.41%,12.70%,1.28%,15.57%,"41,296","27,409",1.51,20451,,,,,,,27409,15.57%,5122,807,"7,727",15.76%,14.91%,"22,515","2,702","19,682",12.00%,15.83%
29-Sep,"4,002",,,"282,724","61,686",21.82%,"3,567","210,437",74.43%,95.20%,128,"10,601",3.75%,4.80%,,,"132,496","3,276,402","1,962,754","1,680,030",,,"37,158","27,891",,"7,269",11.59,6.94,6.97,14.40%,14.35%,1.44%,15.79%,"40,333","26,956",1.50,20926,,,,,,,26956,15.79%,8328,1132,"7,753",13.59%,15.04%,"19,563","2,870","19,202",14.67%,16.10%
30-Sep,"4,284",,,"287,008","61,321",21.37%,"4,510","214,947",74.89%,95.24%,139,"10,740",3.74%,4.76%,,,"132,693","3,321,898","1,993,694","1,706,686",,,"45,496","30,940",,"7,384",11.57,6.95,7.22,14.40%,13.85%,1.52%,15.26%,"41,378","27,733",1.49,20246,,,,,,,27733,15.26%,7523,1050,"7,706",13.96%,14.88%,"23,417","3,234","20,027",13.81%,15.40%
1-Oct,"4,174",,,"291,182","61,839",21.24%,"3,540","218,487",75.03%,95.27%,116,"10,856",3.73%,4.73%,,,"135,480","3,365,490","2,023,990","1,732,808",,,"43,592","30,296",,"7,496",11.56,6.95,7.26,14.39%,13.78%,1.45%,15.38%,"41,525","27,092",1.53,20832,,,,,,,27092,15.38%,6919,1162,"7,606",16.79%,14.81%,"23,377","3,012","19,486",12.88%,15.60%
2-Oct,"4,317",,,"295,499","63,187",21.38%,"2,853","221,340",74.90%,95.28%,116,"10,972",3.71%,4.72%,,,"135,348","3,407,911","2,050,821","1,755,322",,,"42,421","26,831",,"7,596",11.53,6.94,6.22,14.41%,16.09%,1.48%,15.08%,"40,995","27,150",1.51,20406,,,,,,,27150,15.08%,6697,1098,"7,399",16.40%,14.85%,"20,134","3,219","19,751",15.99%,15.16%
3-Oct,"4,007",,,"299,506","63,399",21.17%,"3,712","225,052",75.14%,95.32%,83,"11,055",3.69%,4.68%,,,"139,099","3,451,398","2,074,943","1,775,437",,,"43,487","24,122",,"7,685",11.52,6.93,6.02,14.43%,16.61%,1.36%,14.94%,"40,231","26,931",1.49,20783,,,,,,,26931,14.94%,,,,,,,,,,
4-Oct,"3,992",,,"303,498","63,894",21.05%,"3,401","228,453",75.27%,95.35%,96,"11,151",3.67%,4.65%,,,"139,401","3,488,141","2,096,584","1,793,086",,,"36,743","21,641",,"7,765",11.49,6.91,5.42,14.48%,18.45%,1.33%,14.94%,"40,155","27,051",1.48,20823,,,,,,,,,,,,,,,,,,
5-Oct,"3,622",,,"307,120","63,274",20.60%,"4,140","232,593",75.73%,95.39%,102,"11,253",3.66%,4.61%,,,"141,169","3,515,165","2,119,355","1,812,235",,,"27,024","22,771",,"7,849",11.45,6.90,6.29,14.49%,15.91%,1.19%,15.39%,"39,417","26,356",1.50,21729,,,,,,,,,,,,,,,,,,
6-Oct,"4,056",,,"311,176","63,365",20.36%,"3,844","236,437",75.98%,95.41%,121,"11,374",3.66%,4.59%,,,"140,305","3,551,507","2,145,508","1,834,332",,,"36,342","26,153",,"7,946",11.41,6.89,6.45,14.50%,15.51%,1.32%,15.57%,"39,301","26,108",1.51,21843,,,,,,,,,,,,,,,,,,
7-Oct,"4,538",,,"315,714","63,951",20.26%,"3,854","240,291",76.11%,95.44%,98,"11,472",3.63%,4.56%,,,"142,213","3,595,719","2,177,675","1,861,961",,,"44,212","32,167",,"8,065",11.39,6.90,7.09,14.50%,14.11%,1.46%,15.60%,"39,117","26,283",1.49,22189,,,,,,,,,,,,,,,,,,
8-Oct,"4,850",,,"320,564","64,924",20.25%,"3,769","244,060",76.13%,95.47%,108,"11,580",3.61%,4.53%,,,"144,072","3,639,108","2,210,576","1,890,012",,,"43,389","32,901",,"8,187",11.35,6.90,6.78,14.50%,14.74%,1.54%,15.75%,"39,088","26,655",1.47,22687,,,,,,,,,,,,,,,,,,
9-Oct,"4,094",,,"324,658","65,314",20.12%,"3,607","247,667",76.29%,95.50%,97,"11,677",3.60%,4.50%,,,"149,115","3,683,808","2,249,694","1,925,036",,,"44,700","39,118",,"8,332",11.35,6.93,9.55,14.43%,10.47%,1.28%,14.66%,"39,414","28,410",1.39,21863,,,,,,,,,,,,,,,,,,
10-Oct,"4,294",,,"328,952","65,706",19.97%,"3,814","251,481",76.45%,95.53%,88,"11,765",3.58%,4.47%,,,"151,652","3,726,476","2,283,369","1,954,417",,,"42,668","33,675",,"8,457",11.33,6.94,7.84,14.41%,12.75%,1.32%,14.13%,"39,297","29,775",1.32,21425,,,,,,,,,,,,,,,,,,
11-Oct,"4,497",,,"333,449","66,578",19.97%,"3,546","255,027",76.48%,95.56%,79,"11,844",3.55%,4.44%,,,"152,286","3,762,808","2,305,532","1,972,083",,,"36,332","22,163",,"8,539",11.28,6.91,4.93,14.46%,20.29%,1.37%,14.33%,"39,238","29,850",1.31,21829,,,,,,,,,,,,,,,,,,
12-Oct,"3,267",,,"336,716","66,262",19.68%,"3,492","258,519",76.78%,95.59%,91,"11,935",3.54%,4.41%,,,"154,532","3,802,093","2,338,550","2,001,834",,,"39,285","33,018",,"8,661",11.29,6.95,10.11,14.40%,9.89%,0.98%,13.50%,"40,990","31,314",1.31,20865,,,,,,,,,,,,,,,,,,
13-Oct,"3,906",,,"340,622","65,299",19.17%,"4,777","263,296",77.30%,95.63%,92,"12,027",3.53%,4.37%,,,"153,822","3,852,511","2,378,562","2,037,940",,,"50,418","40,012",,"8,809",11.31,6.98,10.24,14.32%,9.76%,1.16%,12.63%,"43,001","33,293",1.29,19435,,,,,,,,,,,,,,,,,,
14-Oct,"4,127",,,"344,749","64,742",18.78%,"4,555","267,851",77.69%,95.66%,129,"12,156",3.53%,4.34%,,,"154,420","3,892,904","2,415,606","2,070,857",,,"40,393","37,044",,"8,947",11.29,7.01,8.98,14.27%,11.14%,1.21%,12.20%,"42,455","33,990",1.25,18844,,,,,,,,,,,,,,,,,,
15-Oct,"4,411",,,"349,160","63,231",18.11%,"5,810","273,661",78.38%,95.71%,112,"12,268",3.51%,4.29%,,,"154,926","3,935,112","2,449,725","2,100,565",,,"42,208","34,119",,"9,073",11.27,7.02,7.73,14.25%,12.93%,1.28%,11.96%,"42,286","34,164",1.24,18525,,,,,,,,,,,,,,,,,,
16-Oct,"4,301",,,"353,461","63,570",17.99%,"3,883","277,544",78.52%,95.74%,79,"12,347",3.49%,4.26%,,,"157,672","3,976,653","2,479,922","2,126,461",,,"41,541","30,197",,"9,185",11.25,7.02,7.02,14.25%,14.24%,1.23%,12.51%,"41,835","32,890",1.27,19726,,,,,,,,,,,,,,,,,,
17-Oct,"4,301",,,"357,762","63,739",17.82%,"4,048","281,592",78.71%,95.77%,84,"12,431",3.47%,4.23%,,,"158,700","4,019,958","2,505,898","2,148,136",,,"43,305","25,976",,"9,281",11.24,7.00,6.04,14.28%,16.56%,1.22%,12.95%,"41,926","31,790",1.32,20546,,,,,,,,,,,,,,,,,,
18-Oct,"4,105",,,"361,867","64,032",17.69%,"3,732","285,324",78.85%,95.80%,80,"12,511",3.46%,4.20%,,,"159,715","4,056,336","2,528,319","2,166,452",,,"36,378","22,421",,"9,364",11.21,6.99,5.46,14.31%,18.31%,1.15%,12.76%,"41,933","31,827",1.32,20373,,,,,,,,,,,,,,,,,,
19-Oct,"3,373",,,"365,240","63,380",17.35%,"3,919","289,243",79.19%,95.82%,106,"12,617",3.45%,4.18%,,,"162,410","4,092,595","2,553,521","2,188,281",,,"36,259","25,202",,"9,457",11.21,6.99,7.47,14.30%,13.38%,0.93%,13.27%,"41,500","30,710",1.35,21550,,,,,,,,,,,,,,,,,,
20-Oct,"3,602",,,"368,842","62,455",16.93%,"4,410","293,653",79.61%,95.84%,117,"12,734",3.45%,4.16%,,,"160,740","4,123,624","2,583,085","2,214,243",,,"31,029","29,564",,"9,567",11.18,7.00,8.21,14.28%,12.18%,0.99%,13.80%,"38,730","29,218",1.33,22179,,,,,,,,,,,,,,,,,,
21-Oct,"4,267",,,"373,109","62,743",16.82%,"3,856","297,509",79.74%,95.86%,123,"12,857",3.45%,4.14%,,,"162,216","4,167,210","2,613,682","2,240,573",,,"43,586","30,597",,"9,680",11.17,7.01,7.17,14.28%,13.95%,1.16%,14.32%,"39,187","28,297",1.38,23226,,,,,,,,,,,,,,,,,,
22-Oct,"4,432",,,"377,541","63,576",16.84%,"3,497","301,006",79.73%,95.87%,102,"12,959",3.43%,4.13%,,,"164,346","4,211,138","2,647,094","2,269,553",,,"43,928","33,412",,"9,804",11.15,7.01,7.54,14.26%,13.26%,1.19%,14.38%,"39,432","28,196",1.40,23632,,,,,,,,,,,,,,,,,,
23-Oct,"4,369",,,"381,910","63,733",16.69%,"4,094","305,100",79.89%,95.89%,118,"13,077",3.42%,4.11%,,,"161,763","4,253,425","2,679,774","2,297,864",,,"42,287","32,680",,"9,925",11.14,7.02,7.48,14.25%,13.37%,1.16%,14.24%,"39,539","28,550",1.38,23027,,,,,,,,,,,,,,,,,,
24-Oct,"4,070",,,"385,980","63,556",16.47%,"4,119","309,219",80.11%,95.90%,128,"13,205",3.42%,4.10%,,,"166,380","4,293,347","2,711,239","2,325,259",,,"39,922","31,465",,"10,042",11.12,7.02,7.73,14.24%,12.94%,1.07%,13.74%,"39,056","29,334",1.33,22864,,,,,,,,,,,,,,,,,,
25-Oct,"3,732",,,"389,712","62,649",16.08%,"4,545","313,764",80.51%,95.93%,94,"13,299",3.41%,4.07%,,,"168,918","4,327,144","2,730,231","2,340,519",,,"33,797","18,992",,"10,112",11.10,7.01,5.09,14.27%,19.65%,0.97%,13.79%,"38,687","28,845",1.34,23295,,,,,,,,,,,,,,,,,,
26-Oct,"3,222",,,"392,934","61,851",15.74%,"3,908","317,672",80.85%,95.95%,112,"13,411",3.41%,4.05%,,,"170,163","4,351,557","2,749,269","2,356,335",,,"24,413","19,038",,"10,182",11.07,7.00,5.91,14.29%,16.92%,0.83%,14.15%,"36,995","27,964",1.32,24074,,,,,,,,,,,,,,,,,,
27-Oct,"3,520",,,"396,454","60,694",15.31%,"4,576","322,248",81.28%,95.98%,101,"13,512",3.41%,4.02%,,,"169,479","4,388,995","2,777,969","2,381,515",,,"37,438","28,700",,"10,289",11.07,7.01,8.15,14.27%,12.26%,0.90%,14.17%,"37,910","27,841",1.36,,,,,,,,,,,,,,,,,,,
28-Oct,"4,029",,,"400,483","61,078",15.25%,"3,545","325,793",81.35%,95.99%,100,"13,612",3.40%,4.01%,,,"169,833","4,429,567","2,805,313","2,404,830",,,"40,572","27,344",,"10,390",11.06,7.00,6.79,14.28%,14.73%,1.02%,14.28%,"37,480","27,376",1.37,,,,,,,,,,,,,,,,,,,
29-Oct,"3,565",,,"404,048","60,569",14.99%,"3,985","329,778",81.62%,96.01%,89,"13,701",3.39%,3.99%,,,"68,888","4,463,884","2,830,706","2,426,658",,,"34,317","25,393",,"10,484",11.05,7.01,7.12,14.27%,14.04%,0.89%,14.44%,"36,107","26,230",1.38,,,,,,,,,,,,,,,,,,,
30-Oct,"2,897",,,"406,945","58,868",14.47%,"4,517","334,295",82.15%,96.04%,81,"13,782",3.39%,3.96%,,,"68,292","4,488,738","2,853,984","2,447,039",,,"24,854","23,278",,"10,570",11.03,7.01,8.04,14.26%,12.45%,0.72%,14.37%,"33,616","24,887",1.35,,,,,,,,,,,,,,,,,,,
31-Oct,"3,143",,,"410,088","58,418",14.25%,"3,506","337,801",82.37%,96.06%,87,"13,869",3.38%,3.94%,,,"67,900","4,517,739","2,881,443","2,471,355",,,"29,001","27,459",,"10,672",11.02,7.03,8.74,14.23%,11.45%,0.77%,14.16%,"32,056","24,315",1.32,,,,,,,,,,,,,,,,,,,
1-Nov,"2,696",,,"412,784","56,899",13.78%,"4,141","341,942",82.84%,96.08%,74,"13,943",3.38%,3.92%,,,"61,215","4,540,947","2,899,414","2,486,630",,,"23,208","17,971",,"10,739",11.00,7.02,6.67,14.24%,15.00%,0.66%,13.64%,"30,543","24,169",1.26,,,,,,,,,,,,,,,,,,,
2-Nov,"2,618",,,"415,402","55,792",13.43%,"3,624","345,566",83.19%,96.09%,101,"14,044",3.38%,3.91%,,,"59,500","4,567,608","2,919,560","2,504,158",,,"26,661","20,146",,"10,813",11.00,7.03,7.70,14.23%,13.00%,0.63%,13.19%,"30,864","24,327",1.27,,,,,,,,,,,,,,,,,,,
3-Nov,"2,973",,,"418,375","54,732",13.08%,"3,931","349,497",83.54%,96.11%,102,"14,146",3.38%,3.89%,,,"56,039","4,597,536","2,941,778","2,523,403",,,"29,928","22,218",,"10,895",10.99,7.03,7.47,14.22%,13.38%,0.72%,13.38%,"29,792","23,401",1.27,,,,,,,,,,,,,,,,,,,
4-Nov,"3,356",,,"421,731","54,190",12.85%,"3,785","353,282",83.77%,96.12%,113,"14,259",3.38%,3.88%,,,"56,967","4,638,515","2,969,883","2,548,152",,,"40,979","28,105",,"11,000",11.00,7.04,8.37,14.20%,11.94%,0.80%,12.91%,"29,850","23,510",1.27,,,,,,,,,,,,,,,,,,,
5-Nov,"4,065",,,"425,796","54,306",12.75%,"3,860","357,142",83.88%,96.14%,89,"14,348",3.37%,3.86%,,,"55,943","4,678,096","3,001,189","2,575,393",,,"39,581","31,306",,"11,116",10.99,7.05,7.70,14.19%,12.98%,0.96%,12.76%,"30,602","24,355",1.26,,,,,,,,,,,,,,,,,,,
6-Nov,"3,778",,,"429,574","54,427",12.67%,"3,563","360,705",83.97%,96.15%,94,"14,442",3.36%,3.85%,,,"56,663","4,716,187","3,030,661","2,601,087",,,"38,091","29,472",,"11,225",10.98,7.06,7.80,14.17%,12.82%,0.89%,12.81%,"32,493","25,240",1.29,,,,,,,,,,,,,,,,,,,
7-Nov,"4,262",,,"433,836","54,879",12.65%,"3,712","364,417",84.00%,96.16%,98,"14,540",3.35%,3.84%,,,"56,461","4,754,436","3,059,777","2,625,941",,,"38,249","29,116",,"11,333",10.96,7.05,6.83,14.18%,14.64%,0.99%,13.32%,"33,814","25,476",1.33,,,,,,,,,,,,,,,,,,,
8-Nov,"3,880",,,"437,716","54,804",12.52%,"3,881","368,298",84.14%,96.18%,74,"14,614",3.34%,3.82%,,,"57,043","4,790,024","3,080,718","2,643,002",,,"35,588","20,941",,"11,410",10.94,7.04,5.40,14.21%,18.53%,0.89%,13.75%,"35,582","25,901",1.37,,,,,,,,,,,,,,,,,,,
9-Nov,"2,853",,,"440,569","53,614",12.17%,"3,968","372,266",84.50%,96.20%,75,"14,689",3.33%,3.80%,,,"57,925","4,824,389","3,105,465","2,664,896",,,"34,365","24,747",,"11,502",10.95,7.05,8.67,14.19%,11.53%,0.65%,13.54%,"36,683","26,558",1.38,,,,,,,,,,,,,,,,,,,
10-Nov,"3,779",,,"444,348","53,846",12.12%,"3,475","375,741",84.56%,96.22%,72,"14,761",3.32%,3.78%,,,"55,560","4,857,452","3,137,485","2,693,137",,,"33,063","32,020",,"11,620",10.93,7.06,8.47,14.16%,11.80%,0.86%,13.27%,"37,131","27,958",1.33,,,,,,,,,,,,,,,,,,,
11-Nov,"3,770",,,"448,118","54,300",12.12%,"3,241","378,982",84.57%,96.23%,75,"14,836",3.31%,3.77%,,,"55,982","4,896,793","3,175,096","2,726,978",,,"39,341","37,611",,"11,760",10.93,7.09,9.98,14.11%,10.02%,0.85%,12.86%,"36,897","29,316",1.26,,,,,,,,,,,,,,,,,,,
12-Nov,"4,173",,,"452,291","55,274",12.22%,"3,102","382,084",84.48%,96.24%,97,"14,933",3.30%,3.76%,,,"56,868","4,938,958","3,211,592","2,759,301",,,"42,165","36,496",,"11,895",10.92,7.10,8.75,14.08%,11.43%,0.93%,12.59%,"37,266","30,058",1.24,,,,,,,,,,,,,,,,,,,
13-Nov,"5,444",,,"457,735","57,604",12.58%,"3,010","385,094",84.13%,96.24%,104,"15,037",3.29%,3.76%,,,"58,896","4,981,291","3,249,484","2,791,749",,,"42,333","37,892",,"12,035",10.88,7.10,6.96,14.09%,14.37%,1.20%,12.87%,"37,872","31,260",1.21,,,,,,,,,,,,,,,,,,,
14-Nov,"5,272",,,"463,007","59,765",12.91%,"3,000","388,094",83.82%,96.24%,111,"15,148",3.27%,3.76%,,,"61,975","5,022,627","3,288,194","2,825,187",,,"41,336","38,710",,"12,178",10.85,7.10,7.34,14.08%,13.62%,1.15%,12.77%,"38,313","32,631",1.17,,,,,,,,,,,,,,,,,,,
15-Nov,"4,106",,,"467,113","59,911",12.83%,"3,897","391,991",83.92%,96.26%,63,"15,211",3.26%,3.74%,,,"63,380","5,055,488","3,313,590","2,846,477",,,"32,861","25,396",,"12,273",10.82,7.09,6.19,14.10%,16.17%,0.89%,12.62%,"37,923","33,267",1.14,,,,,,,,,,,,,,,,,,,
16-Nov,"3,535",,,"470,648","59,909",12.73%,"3,452","395,443",84.02%,96.28%,85,"15,296",3.25%,3.72%,,,"63,683","5,090,127","3,341,160","2,870,512",,,"34,639","27,570",,"12,375",10.82,7.10,7.80,14.09%,12.82%,0.76%,12.76%,"37,963","33,671",1.13,,,,,,,,,,,,,,,,,,,
17-Nov,"3,807",,,"474,455","60,426",12.74%,"3,193","398,636",84.02%,96.28%,97,"15,393",3.24%,3.72%,,,"64,928","5,129,899","3,377,716","2,903,261",,,"39,772","36,556",,"12,510",10.81,7.12,9.60,14.05%,10.41%,0.81%,12.53%,"38,921","34,319",1.13,,,,,,,,,,,,,,,,,,,
18-Nov,"4,265",,,"478,720","60,870",12.72%,"3,711","402,347",84.05%,96.29%,110,"15,503",3.24%,3.71%,,,"64,430","5,171,841","3,415,613","2,936,893",,,"41,942","37,897",,"12,650",10.80,7.13,8.89,14.02%,11.25%,0.90%,12.72%,"39,293","34,360",1.14,,,,,,,,,,,,,,,,,,,
19-Nov,"4,798",,,"483,518","61,306",12.68%,"4,265","406,612",84.09%,96.31%,97,"15,600",3.23%,3.69%,,,"63,546","5,219,471","3,456,835","2,973,317",,,"47,630","41,222",,"12,803",10.79,7.15,8.59,13.99%,11.64%,1.00%,12.73%,"40,073","35,035",1.14,,,,,,,,,,,,,,,,,,,
20 Nov,"4,792",,,"488,310","62,080",12.71%,"3,940","410,552",84.08%,96.32%,78,"15,678",3.21%,3.68%,,,"63,074","5,261,426","3,496,039","3,007,729",,,"41,955","39,204",,"12,948",10.77,7.16,8.18,13.97%,12.22%,0.99%,12.40%,"40,019","35,222",1.14,,,,,,,,,,,,,,,,,,,
21-Nov,"4,998",,,"493,308","63,579",12.89%,"3,403","413,955",83.91%,96.33%,96,"15,774",3.20%,3.67%,,,"64,317","5,304,548","3,526,607","3,033,299",,,"43,122","30,568",,"13,062",10.75,7.15,6.12,13.99%,16.35%,1.02%,12.71%,"40,274","34,059",1.18,,,,,,,,,,,,,,,,,,,
22-Nov,"4,360",,,"497,668","63,596",12.78%,"4,233","418,188",84.03%,96.34%,110,"15,884",3.19%,3.66%,,,"64,502","5,340,537","3,553,142","3,055,474",,,"35,989","26,535",,"13,160",10.73,7.14,6.09,14.01%,16.43%,0.88%,12.76%,"40,721","34,222",1.19,,,,,,,,,,,,,,,,,,,
23-Nov,"4,442",,,"502,110","63,722",12.69%,"4,198","422,386",84.12%,96.35%,118,"16,002",3.19%,3.65%,,,"65,279","5,380,620","3,580,476","3,078,366",,,"40,083","27,334",,"13,261",10.72,7.13,6.15,14.02%,16.25%,0.89%,13.15%,"41,499","34,188",1.21,,,,,,,,,,,,,,,,,,,
24-Nov,"4,192",,,"506,302","64,878",12.81%,"2,927","425,313",84.00%,96.35%,109,"16,111",3.18%,3.65%,,,"64,414","5,420,591","3,608,244","3,101,942",,,"39,971","27,768",,"13,364",10.71,7.13,6.62,14.03%,15.10%,0.83%,13.81%,"41,527","32,933",1.26,,,,,,,,,,,,,,,,,,,
25-Nov,"5,534",,,"511,836","65,804",12.86%,"4,494","429,807",83.97%,96.36%,114,"16,225",3.17%,3.64%,,,"65,438","5,465,921","3,651,964","3,140,128",,,"45,330","43,720",,"13,526",10.68,7.14,7.90,14.02%,12.66%,1.09%,14.01%,"42,011","33,764",1.24,,,,,,,,,,,,,,,,,,,
26-Nov,"4,917",,,"516,753","66,752",12.92%,"3,842","433,649",83.92%,96.37%,127,"16,352",3.16%,3.63%,,,"66,685","5,517,392","3,690,126","3,173,373",,,"51,471","38,162",,"13,667",10.68,7.14,7.76,14.00%,12.88%,0.96%,14.25%,"42,560","33,327",1.28,,,,,,,,,,,,,,,,,,,
27-Nov,"5,828",,,"522,581","68,604",13.13%,"3,807","437,456",83.71%,96.36%,169,"16,521",3.16%,3.64%,,,"67,836","5,566,215","3,729,561","3,206,980",,,"48,823","39,435",,"13,813",10.65,7.14,6.77,14.01%,14.78%,1.13%,14.68%,"43,541","33,360",1.31,,,,,,,,,,,,,,,,,,,
28-Nov,"5,418",,,"527,999","69,370",13.14%,"4,527","441,983",83.71%,96.37%,125,"16,646",3.15%,3.63%,,,"68,606","5,612,789","3,766,860","3,238,861",,,"46,574","37,299",,"13,951",10.63,7.13,6.88,14.02%,14.53%,1.04%,14.44%,"44,034","34,322",1.28,,,,,,,,,,,,,,,,,,,
29-Nov,"6,267",,,"534,266","71,658",13.41%,"3,810","445,793",83.44%,96.37%,169,"16,815",3.15%,3.63%,,,"70,792","5,655,692","3,797,881","3,263,615",,,"42,903","31,021",,"14,066",10.59,7.11,4.95,14.07%,20.20%,1.19%,14.95%,"45,022","34,963",1.29,,,,,,,,,,,,,,,,,,,
30-Nov,"4,617",,,"538,883","71,420",13.25%,"4,725","450,518",83.60%,96.38%,130,"16,945",3.14%,3.62%,,,"72,786","5,695,747","3,827,720","3,288,837",,,"40,055","29,839",,"14,177",10.57,7.10,6.46,14.08%,15.47%,0.86%,14.87%,"45,018","35,321",1.27,,,,,,,,,,,,,,,,,,,
1-Dec,"5,092",,,"543,975","72,015",13.24%,"4,361","454,879",83.62%,96.38%,136,"17,081",3.14%,3.62%,,,"71,286","5,746,979","3,865,412","3,321,437",,,"51,232","37,692",,"14,316",10.56,7.11,7.40,14.07%,13.51%,0.94%,14.65%,"46,627","36,738",1.27,,,,,,,,,,,,,,,,,,,
2-Dec,"5,533",,,"549,508","73,429",13.36%,"4,001","458,880",83.51%,96.39%,118,"17,199",3.13%,3.61%,,,"71,074","5,805,224","3,907,273","3,357,765",,,"58,245","41,861",,"14,471",10.56,7.11,7.57,14.06%,13.22%,1.02%,14.76%,"48,472","36,473",1.33,,,,,,,,,,,,,,,,,,,
3-Dec,"8,369",,,"557,877","77,969",13.98%,"3,673","462,553",82.91%,96.38%,156,"17,355",3.11%,3.62%,,,"69,027","5,867,621","3,952,752","3,394,875",,,"62,397","45,479",,"14,640",10.52,7.09,5.43,14.11%,18.40%,1.52%,15.66%,"50,033","37,518",1.33,,,,,,,,,,,,,,,,,,,
4-Dec,"5,803",,,"563,680","80,023",14.20%,"3,625","466,178",82.70%,96.39%,124,"17,479",3.10%,3.61%,,,"69,016","5,926,986","3,992,487","3,428,807",,,"59,365","39,735",,"14,787",10.51,7.08,6.85,14.12%,14.60%,1.04%,15.63%,"51,539","37,561",1.37,,,,,,,,,,,,,,,,,,,
5-Dec,"6,027",,,"569,707","81,669",14.34%,"4,271","470,449",82.58%,96.40%,110,"17,589",3.09%,3.60%,,,"69,926","5,981,908","4,029,428","3,459,721",,,"54,922","36,941",,"14,924",10.50,7.07,6.13,14.14%,16.32%,1.07%,15.88%,"52,731","37,510",1.41,,,,,,,,,,,,,,,,,,,
6-Dec,"6,089",,,"575,796","83,285",14.46%,"4,322","474,771",82.45%,96.40%,151,"17,740",3.08%,3.60%,,,"70,091","6,032,542","4,058,033","3,482,237",,,"50,634","28,605",,"15,030",10.48,7.05,4.70,14.19%,21.29%,1.07%,15.96%,"53,836","37,165",1.45,,,,,,,,,,,,,,,,,,,
7-Dec,"5,754",,,"581,550","84,481",14.53%,"4,431","479,202",82.40%,96.41%,127,"17,867",3.07%,3.59%,,,"72,986","6,059,415","4,079,605","3,498,055",,,"26,873","21,572",,"15,110",10.42,7.02,3.75,14.26%,26.67%,1.00%,16.94%,"51,953","35,984",1.44,,,,,,,,,,,,,,,,,,,
8-Dec,"5,292",,,"586,842","85,345",14.54%,"4,295","483,497",82.39%,96.41%,133,"18,000",3.07%,3.59%,,,"70,450","6,112,234","4,113,090","3,526,248",,,"52,819","33,485",,"15,234",10.42,7.01,6.33,14.27%,15.80%,0.91%,17.31%,"52,179","35,383",1.47,,,,,,,,,,,,,,,,,,,
9-Dec,"6,058",,,"592,900","87,284",14.72%,"3,948","487,445",82.21%,96.41%,171,"18,171",3.06%,3.59%,,,"69,879","6,168,268","4,143,604","3,550,704",,,"56,034","30,514",,"15,347",10.40,6.99,5.04,14.31%,19.85%,1.03%,18.36%,"51,863","33,762",1.54,,,,,,,,,,,,,,,,,,,
10-Dec,"6,033",,,"598,933","88,622",14.80%,"4,530","491,975",82.14%,96.41%,165,"18,336",3.06%,3.59%,,,"66,463","6,217,871","4,176,266","3,577,333",,,"49,603","32,662",,"15,468",10.38,6.97,5.41,14.34%,18.47%,1.02%,18.37%,"50,036","31,931",1.57,,,,,,,,,,,,,,,,,,,
11-Dec,"6,310",,,"605,243","89,846",14.84%,"4,911","496,886",82.10%,96.41%,175,"18,511",3.06%,3.59%,,,"64,845","6,271,943","4,216,052","3,610,809",,,"54,072","39,786",,"15,615",10.36,6.97,6.31,14.36%,15.86%,1.05%,18.59%,"49,280","31,938",1.54,,,,,,,,,,,,,,,,,,,
12-Dec,"6,388",,,"611,631","91,602",14.98%,"4,490","501,376",81.97%,96.41%,142,"18,653",3.05%,3.59%,,,"62,224","6,331,331","4,253,821","3,642,190",,,"59,388","37,769",,"15,755",10.35,6.95,5.91,14.38%,16.91%,1.06%,18.68%,"49,918","32,056",1.56,,,,,,,,,,,,,,,,,,,
13-Dec,"6,189",,,"617,820","93,165",15.08%,"4,460","505,836",81.87%,96.41%,166,"18,819",3.05%,3.59%,,,"63,598","6,382,379","4,279,168","3,661,348",,,"51,048","25,347",,"15,849",10.33,6.93,4.10,14.44%,24.42%,1.01%,19.00%,"49,977","31,591",1.58,,,,,,,,,,,,,,,,,,,
14-Dec,"5,489",,,"623,309","93,396",14.98%,"5,121","510,957",81.97%,96.42%,137,"18,956",3.04%,3.58%,,,"64,067","6,424,385","4,308,544","3,685,235",,,"42,006","29,376",,"15,958",10.31,6.91,5.35,14.47%,18.69%,0.89%,18.24%,"52,139","32,706",1.59,,,,,,,,,,,,,,,,,,,
15-Dec,"6,120",,,"629,429","93,662",14.88%,"5,699","516,656",82.08%,96.43%,155,"19,111",3.04%,3.57%,,,"65,666","6,485,085","4,347,393","3,717,964",,,"60,700","38,849",,"16,101",10.30,6.91,6.35,14.48%,15.75%,0.98%,18.18%,"53,264","33,472",1.59,,,,,,,,,,,,,,,,,,,
16-Dec,"6,725",,,"636,154","94,922",14.92%,"5,328","521,984",82.05%,96.44%,137,"19,248",3.03%,3.56%,,,"62,364","6,546,376","4,383,985","3,747,831",,,"61,291","36,592",,"16,237",10.29,6.89,5.44,14.51%,18.38%,1.07%,17.99%,"54,015","34,340",1.57,,,,,,,,,,,,,,,,,,,
17-Dec,"7,354",,,"643,508","97,139",15.10%,"4,995","526,979",81.89%,96.45%,142,"19,390",3.01%,3.55%,,,"62,250","6,607,005","4,427,446","3,783,938",,,"60,629","43,461",,"16,398",10.27,6.88,5.91,14.53%,16.92%,1.16%,17.75%,"55,591","35,883",1.55,,,,,,,,,,,,,,,,,,,
18-Dec,"6,689",,,"650,197","98,688",15.18%,"5,016","531,995",81.82%,96.46%,124,"19,514",3.00%,3.54%,,,"62,717","6,674,683","4,465,960","3,815,763",,,"67,678","38,514",,"16,541",10.27,6.87,5.76,14.56%,17.37%,1.04%,17.99%,"57,534","35,701",1.61,,,,,,,,,,,,,,,,,,,
19-Dec,"7,751",,,"657,948","102,029",15.51%,"4,265","536,260",81.50%,96.46%,145,"19,659",2.99%,3.54%,,,"64,071","6,738,451","4,507,874","3,849,926",,,"63,768","41,914",,"16,696",10.24,6.85,5.41,14.60%,18.49%,1.19%,18.23%,"58,160","36,293",1.60,,,,,,,,,,,,,,,,,,,
20-Dec,"6,982",,,"664,930","103,239",15.53%,"5,551","541,811",81.48%,96.46%,221,"19,880",2.99%,3.54%,,,"66,702","6,786,585","4,536,711","3,871,781",,,"48,134","28,837",,"16,803",10.21,6.82,4.13,14.66%,24.21%,1.06%,18.29%,"57,744","36,792",1.57,,,,,,,,,,,,,,,,,,,
21-Dec,"6,848",,,"671,778","104,809",15.60%,"5,073","546,884",81.41%,96.46%,205,"20,085",2.99%,3.54%,,,"67,509","6,824,030","4,561,464","3,889,686",,,"37,445","24,753",,"16,894",10.16,6.79,3.61,14.73%,27.67%,1.03%,19.16%,"57,092","36,131",1.58,,,,,,,,,,,,,,,,,,,
22-Dec,"6,347",,,"678,125","105,146",15.51%,"5,838","552,722",81.51%,96.46%,172,"20,257",2.99%,3.54%,,,"69,343","6,873,836","4,592,232","3,914,107",,,"49,806","30,768",,"17,008",10.14,6.77,4.85,14.77%,20.63%,0.94%,19.89%,"55,536","34,977",1.59,,,,,,,,,,,,,,,,,,,
23-Dec,"7,514",,,"685,639","106,528",15.54%,"5,981","558,703",81.49%,96.48%,151,"20,408",2.98%,3.52%,,,"66,914","6,926,508","4,625,786","3,940,147",,,"52,672","33,554",,"17,133",10.10,6.75,4.47,14.82%,22.39%,1.11%,20.47%,"54,305","34,543",1.57,,,,,,,,,,,,,,,,,,,
24-Dec,"7,199",,,"692,838","108,269",15.63%,"5,277","563,980",81.40%,96.48%,181,"20,589",2.97%,3.52%,,,"68,219","6,987,576","4,665,868","3,973,030",,,"61,068","40,082",,"17,281",10.09,6.73,5.57,14.85%,17.96%,1.05%,20.69%,"54,367","34,060",1.60,,,,,,,,,,,,,,,,,,,
25-Dec,"7,259",,,"700,097","108,946",15.56%,"6,324","570,304",81.46%,96.47%,258,"20,847",2.98%,3.53%,,,"67,464","7,037,969","4,700,999","4,000,902",,,"50,393","35,131",,"17,411",10.05,6.71,4.84,14.89%,20.66%,1.05%,21.23%,"51,898","33,577",1.55,,,,,,,,,,,,,,,,,,,
26-Dec,"6,740",,,"706,837","109,150",15.44%,"6,389","576,693",81.59%,96.49%,147,"20,994",2.97%,3.51%,,,"68,061","7,082,550","4,732,231","4,025,394",,,"44,581","31,232",,"17,527",10.02,6.69,4.63,14.94%,21.58%,0.96%,21.79%,"49,157","32,051",1.53,,,,,,,,,,,,,,,,,,,
27-Dec,"6,528",,,"713,365","108,452",15.20%,"6,983","583,676",81.82%,96.49%,243,"21,237",2.98%,3.51%,,,"69,325","7,124,513","4,761,656","4,048,291",,,"41,963","29,425",,"17,636",9.99,6.67,4.51,14.98%,22.19%,0.92%,21.53%,"48,275","32,135",1.50,,,,,,,,,,,,,,,,,,,
28-Dec,"5,854",,,"719,219","107,789",14.99%,"6,302","589,978",82.03%,96.49%,215,"21,452",2.98%,3.51%,,,"69,156","7,159,309","4,788,286","4,069,067",,,"34,796","26,630",,"17,734",9.95,6.66,4.55,15.02%,21.98%,0.82%,20.92%,"47,897","32,403",1.48,,,,,,,,,,,,,,,,,,,
29-Dec,"7,903",,,"727,122","108,636",14.94%,"6,805","596,783",82.07%,96.49%,251,"21,703",2.98%,3.51%,,,"68,181","7,224,452","4,831,091","4,103,969",,,"65,143","42,805",,"17,893",9.94,6.64,5.42,15.05%,18.46%,1.10%,20.51%,"50,088","34,123",1.47,,,,,,,,,,,,,,,,,,,
30-Dec,"8,002",,,"735,124","109,439",14.89%,"6,958","603,741",82.13%,96.49%,241,"21,944",2.99%,3.51%,,,"67,615","7,297,374","4,875,480","4,140,356",,,"72,922","44,389",,"18,057",9.93,6.63,5.55,15.08%,18.03%,1.10%,19.82%,"52,981","35,671",1.49,,,,,,,,,,,,,,,,,,,
31-Dec,"8,074",,,"743,198","109,963",14.80%,"7,356","611,097",82.23%,96.50%,194,"22,138",2.98%,3.50%,,,"68,316","7,355,174","4,912,745","4,169,547",,,"57,800","37,265",,"18,195",9.90,6.61,4.62,15.13%,21.67%,1.10%,20.40%,"52,514","35,268",1.49,,,,,,,,,,,,,,,,,,,
1-Jan,"8,072",,,"751,270","111,005",14.78%,"6,839","617,936",82.25%,96.51%,191,"22,329",2.97%,3.49%,,,"68,418","7,395,959","4,940,146","4,188,876",,,"40,785","27,401",,"18,297",9.84,6.58,3.39,15.21%,29.46%,1.09%,21.40%,"51,141","34,164",1.50,,,,,,,,,,,,,,,,,,,
2-Jan,"7,203",,,"758,473","110,400",14.56%,"7,582","625,518",82.47%,96.52%,226,"22,555",2.97%,3.48%,,,"69,619","7,429,489","4,964,525","4,206,052",,,"33,530","24,379",,"18,387",9.80,6.55,3.38,15.28%,29.55%,0.96%,22.23%,"49,563","33,185",1.49,,,,,,,,,,,,,,,,,,,
3-Jan,"6,877",,,"765,350","110,679",14.46%,"6,419","631,937",82.57%,96.53%,179,"22,734",2.97%,3.47%,,,"72,027","7,470,992","4,992,303","4,226,953",,,"41,503","27,778",,"18,490",9.76,6.52,4.04,15.33%,24.76%,0.91%,22.54%,"49,497","32,950",1.50,,,,,,,,,,,,,,,,,,,
4-Jan,"6,753",,,"772,103","110,089",14.26%,"7,166","639,103",82.77%,96.54%,177,"22,911",2.97%,3.46%,,,"72,380","7,516,860","5,022,974","4,250,871",,,"45,868","30,671",,"18,604",9.74,6.51,4.54,15.37%,22.02%,0.88%,22.53%,"51,079","33,527",1.52,,,,,,,,,,,,,,,,,,,
5-Jan,"7,445",,,"779,548","110,693",14.20%,"6,643","645,746",82.84%,96.54%,198,"23,109",2.96%,3.46%,,,"70,201","7,577,380","5,061,283","4,281,735",,,"60,520","38,309",,"18,745",9.72,6.49,5.15,15.40%,19.43%,0.96%,22.77%,"50,418","32,885",1.53,,,,,,,,,,,,,,,,,,,
6-Jan,"8,854",,,"788,402","112,593",14.28%,"6,767","652,513",82.76%,96.55%,187,"23,296",2.95%,3.45%,,,"70,029","7,645,288","5,106,017","4,317,615",,,"67,908","44,734",,"18,911",9.70,6.48,5.05,15.44%,19.79%,1.14%,23.11%,"49,702","32,934",1.51,,,,,,,,,,,,,,,,,,,
7-Jan,"9,321",,,"797,723","114,766",14.39%,"6,924","659,437",82.66%,96.56%,224,"23,520",2.95%,3.44%,,,"68,753","7,713,307","5,150,808","4,353,085",,,"68,019","44,791",,"19,077",9.67,6.46,4.81,15.49%,20.81%,1.18%,22.90%,"51,162","34,009",1.50,,,,,,,,,,,,,,,,,,,
8-Jan,"10,617",,,"808,340","117,704",14.56%,"7,446","666,883",82.50%,96.56%,233,"23,753",2.94%,3.44%,,,"69,121","7,779,926","5,193,413","4,385,073",,,"66,619","42,605",,"19,235",9.62,6.42,4.01,15.56%,24.92%,1.33%,22.53%,"54,852","36,181",1.52,,,,,,,,,,,,,,,,,,,
9-Jan,"10,046",,,"818,386","120,928",14.78%,"6,628","673,511",82.30%,96.57%,194,"23,947",2.93%,3.43%,,,"69,865","7,836,984","5,232,921","4,414,535",,,"57,058","39,508",,"19,381",9.58,6.39,3.93,15.64%,25.43%,1.24%,22.32%,"58,214","38,342",1.52,,,,,,,,,,,,,,,,,,,
10-Jan,"9,640",,,"828,026","122,873",14.84%,"7,513","681,024",82.25%,96.58%,182,"24,129",2.91%,3.42%,,,"70,381","7,883,009","5,264,664","4,436,638",,,"46,025","31,743",,"19,499",9.52,6.36,3.29,15.73%,30.37%,1.18%,23.01%,"58,860","38,909",1.51,,,,,,,,,,,,,,,,,,,
11-Jan,"8,692",,,"836,718","123,636",14.78%,"7,715","688,739",82.31%,96.59%,214,"24,343",2.91%,3.41%,,,"68,572","7,921,070","5,292,612","4,455,894",,,"38,061","27,948",,"19,602",9.47,6.33,3.22,15.81%,31.10%,1.05%,23.96%,"57,744","38,520",1.50,,,,,,,,,,,,,,,,,,,
12-Jan,"10,047",,,"846,765","126,313",14.92%,"7,068","695,807",82.17%,96.58%,302,"24,645",2.91%,3.42%,,,"54,827","7,991,379","5,333,160","4,486,395",,,"70,309","40,548",,"19,752",9.44,6.30,4.04,15.88%,24.78%,1.20%,24.72%,"59,143","38,840",1.52,,,,,,,,,,,,,,,,,,,
13-Jan,"11,278",,,"858,043","129,628",15.11%,"7,657","703,464",81.98%,96.57%,306,"24,951",2.91%,3.43%,,,"59,667","8,063,068","5,380,137","4,522,094",,,"71,689","46,977",,"19,926",9.40,6.27,4.17,15.95%,24.01%,1.33%,25.41%,"59,683","39,160",1.52,,66,,66,,,,,,,,,,,,,,,
14-Jan,"11,557",,,"869,600","133,149",15.31%,"7,741","711,205",81.79%,96.57%,295,"25,246",2.90%,3.43%,,,"64,032","8,133,444","5,426,234","4,556,634",,,"70,376","46,097",,"20,097",9.35,6.24,3.99,16.03%,25.07%,1.35%,26.10%,"60,020","39,347",1.53,,"7,760",,"7,694",,,,,,,,,,,,,,,
15-Jan,"12,818",,,"882,418","138,238",15.67%,"7,491","718,696",81.45%,96.58%,238,"25,484",2.89%,3.42%,,,"66,573","8,206,401","5,475,700","4,593,282",,,"72,957","49,466",,"20,280",9.30,6.21,3.86,16.12%,25.91%,1.47%,26.24%,"60,925","40,327",1.51,,"18,958",,"11,198",,,,,,,,,,,,,,,
16-Jan,"14,224",,,"896,642","143,517",16.01%,"8,662","727,358",81.12%,96.58%,283,"25,767",2.87%,3.42%,,,"69,414","8,269,701","5,521,058","4,624,416",,,"63,300","45,358",,"20,448",9.22,6.16,3.19,16.24%,31.36%,1.61%,27.16%,"61,817","41,162",1.50,,"24,414",,"5,456",,,,,,,,,,,,,,,
17-Jan,"11,287",,,"907,929","145,482",16.02%,"9,102","736,460",81.11%,96.59%,220,"25,987",2.86%,3.41%,,,"73,243","8,315,839","5,555,428","4,647,499",,,"46,138","34,370",,"20,576",9.16,6.12,3.05,16.34%,32.84%,1.26%,27.48%,"61,833","41,538",1.49,,"24,540",,126,,,,,,,,,,,,,,,
18-Jan,"9,086",,,"917,015","144,798",15.79%,"9,475","745,935",81.34%,96.60%,295,"26,282",2.87%,3.40%,,,"77,579","8,363,327","5,587,809","4,670,794",,,"47,488","32,381",,"20,696",9.12,6.09,3.56,16.41%,28.06%,1.00%,27.20%,"63,180","42,171",1.50,,"41,918",,"17,378",,,,,,,,,,,,,,,
19-Jan,"10,365",,,"927,380","146,842",15.83%,"8,013","753,948",81.30%,96.59%,308,"26,590",2.87%,3.41%,,,"76,971","8,433,961","5,631,280","4,703,900",,,"70,634","43,471",,"20,857",9.09,6.07,4.19,16.47%,23.84%,1.13%,27.04%,"63,226","42,589",1.48,,"58,225",,"16,307",,"8,318",,,,,,,,,,,,,
20-Jan,"12,568",,,"939,948","149,388",15.89%,"9,755","763,703",81.25%,96.60%,267,"26,857",2.86%,3.40%,,,"79,418","8,492,766","5,675,028","4,735,080",,,"58,805","43,748","9,122","21,019",9.04,6.04,3.48,16.56%,28.73%,1.36%,27.77%,"61,385","42,127",1.46,,"81,244",,"23,019",,"11,597",,,,,,,,,,,,,
21-Jan,"11,703",,,"951,651","151,658",15.94%,"9,087","772,790",81.21%,96.60%,346,"27,203",2.86%,3.40%,,,"79,200","8,560,220","5,718,753","4,767,102",,,"67,454","43,725",,"21,181",9.00,6.01,3.74,16.64%,26.77%,1.25%,28.05%,"60,968","41,788",1.46,,"109,836",,"28,592",,"14,582",,,,,,,,,,,,,
22-Jan,"13,632",,,"965,283","156,683",16.23%,"8,357","781,147",80.92%,96.60%,250,"27,453",2.84%,3.40%,,,"79,349","8,638,162","5,770,517","4,805,234",,,"77,942","51,764","20,154","21,372",8.95,5.98,3.80,16.73%,26.33%,1.43%,28.11%,"61,680","42,117",1.46,,"134,834",,"24,998",,"16,554",,,,,,,,,,,,,
23-Jan,"12,191",,,"977,474","158,751",16.24%,"9,912","791,059",80.93%,96.62%,211,"27,664",2.83%,3.38%,,,"83,190","8,706,505","5,813,504","4,836,030",,,"68,343","42,987","27,000","21,531",8.91,5.95,3.53,16.81%,28.36%,1.26%,27.64%,"62,401","41,778",1.49,,"150,201",,"15,367",,"17,970",,,,,,,,,,,,,
24-Jan,"11,788",,,"989,262","162,617",16.44%,"7,751","798,810",80.75%,96.63%,171,"27,835",2.81%,3.37%,,,"80,114","8,754,507","5,848,960","4,859,698",,,"48,002","35,456",,"21,663",8.85,5.91,3.01,16.91%,33.25%,1.21%,27.71%,"62,667","41,933",1.49,,"152,009",,"1,808",,"18,210",,,,,,,,,,,,,
25-Jan,"9,994",,,"999,256","161,636",16.18%,"10,678","809,488",81.01%,96.64%,297,"28,132",2.82%,3.36%,,,"84,621","8,806,413","5,883,540","4,884,284",,,"51,906","34,580",,"21,791",8.81,5.89,3.46,16.98%,28.90%,1.01%,27.81%,"63,298","42,247",1.50,,"161,959",,"9,950",,"17,149",,,,,,,,,,,,,
26-Jan,"13,094",,,"1,012,350","163,526",16.15%,"10,868","820,356",81.03%,96.65%,336,"28,468",2.81%,3.35%,,,"82,156","8,881,607","5,931,637","4,919,287",,,"75,194","48,097",,"21,969",8.77,5.86,3.67,17.07%,27.22%,1.31%,28.29%,"63,949","42,908",1.49,,"245,685",,"83,726",,"26,780",,,,,,,,,,,,,
27-Jan,"11,948",,,"1,024,298","164,113",16.02%,"10,974","831,330",81.16%,96.65%,387,"28,855",2.82%,3.35%,,,"81,589","8,959,395","5,978,128","4,953,830",,,"77,788","46,491",,"22,141",8.75,5.84,3.89,17.13%,25.70%,1.18%,27.83%,"66,661","43,300",1.54,,"308,003",66,"62,318",66,"32,394",,,,,,,,,,,,,
28-Jan,"13,695",,,"1,037,993","166,540",16.04%,"10,792","842,122",81.13%,96.63%,476,"29,331",2.83%,3.37%,,,"82,676","9,046,675","6,032,242","4,994,249",,,"87,280","54,114",,"22,342",8.72,5.81,3.95,17.21%,25.31%,1.34%,27.54%,"69,494","44,784",1.55,,"368,318","5,468","60,315","5,402","36,926",,,,,,,,,,,,,
29-Jan,"13,802",,,"1,051,795","170,017",16.16%,"10,138","852,260",81.03%,96.65%,187,"29,518",2.81%,3.35%,,,"81,497","9,123,975","6,084,661","5,032,866",,,"77,300","52,419",,"22,536",8.67,5.79,3.80,17.29%,26.33%,1.33%,27.54%,"69,402","44,878",1.55,,"405,012","11,287","36,694","5,819","38,597",,,,,,,,,,,,,
30-Jan,"14,518",,,"1,066,313","174,083",16.33%,"10,242","862,502",80.89%,96.67%,210,"29,728",2.79%,3.33%,,,"74,985","9,194,001","6,125,290","5,058,977",,,"70,026","40,629",,"22,686",8.62,5.74,2.80,17.41%,35.73%,1.38%,28.49%,"69,642","44,541",1.56,,"482,145","20,810","77,133","9,523","47,421",,,,,,,,,,,,,
31-Jan,"12,001",,,"1,078,314","175,095",16.24%,"10,719","873,221",80.98%,96.68%,270,"29,998",2.78%,3.32%,,,"73,652","9,238,689","6,158,452","5,080,138",,,"44,688","33,162",,"22,809",8.57,5.71,2.76,17.51%,36.19%,1.13%,28.77%,"69,169","44,213",1.56,,"493,133","22,548","10,988","1,738","48,732",,,,,,,,,,,,,
1-Feb,"10,994",,,"1,089,308","175,349",16.10%,"10,461","883,682",81.12%,96.69%,279,"30,277",2.78%,3.31%,,,"76,343","9,286,902","6,190,345","5,101,037",,,"48,213","31,893",,"22,927",8.53,5.68,2.90,17.60%,34.47%,1.02%,29.35%,"68,641","43,829",1.57,,"539,532","35,406","46,399","12,858","53,939",,,,,,,,,,,,,
2-Feb,"10,379",,,"1,099,687","172,576",15.69%,"12,848","896,530",81.53%,96.70%,304,"30,581",2.78%,3.30%,,,"75,533","9,358,604","6,233,289","5,133,602",,,"71,702","42,944",,"23,086",8.51,5.67,4.14,17.64%,24.17%,0.95%,28.95%,"68,142","43,093",1.58,,"596,260","51,999","56,728","16,593","50,082","7,428",,,,,,,,,,,,
3-Feb,"11,984",,,"1,111,671","175,236",15.76%,"9,135","905,665",81.47%,96.71%,189,"30,770",2.77%,3.29%,,,"76,657","9,433,569","6,280,182","5,168,511",,,"74,965","46,893",,"23,260",8.49,5.65,3.91,17.70%,25.56%,1.09%,28.93%,"67,739","43,151",1.57,,"646,026","71,621","49,766","19,622","48,289","10,222",,,,,,,,,,,,
4-Feb,"11,434",,,"1,123,105","174,798",15.56%,"11,641","917,306",81.68%,96.73%,231,"31,001",2.76%,3.27%,,,"74,260","9,502,313","6,322,350","5,199,245",,,"68,744","42,168",,"23,416",8.46,5.63,3.69,17.76%,27.12%,1.03%,29.34%,"65,091","41,444",1.57,,"700,266","96,553","54,240","24,932","47,421","13,012",,,,,,,,,,,,
5-Feb,"11,749",,,"1,134,854","176,672",15.57%,"9,674","926,980",81.68%,96.74%,201,"31,202",2.75%,3.26%,,,"77,704","9,578,686","6,366,581","5,231,727",,,"76,373","44,231",,"23,580",8.44,5.61,3.76,17.83%,26.56%,1.05%,29.46%,"64,959","40,274",1.61,,"744,884","120,725","44,618","24,172","48,553","15,634",,,,,,,,,,,,
6-Feb,"12,156",,,"1,147,010","176,433",15.38%,"12,204","939,184",81.88%,96.77%,191,"31,393",2.74%,3.23%,,,"74,401","9,643,853","6,414,683","5,267,673",,,"65,167","48,102",,"23,758",8.41,5.59,3.96,17.88%,25.27%,1.07%,27.88%,"64,265","41,342",1.55,,"777,096","137,207","32,212","16,482","42,136","16,628",,,,,,,,,,,,
7-Feb,"10,827",,,"1,157,837","176,291",15.23%,"10,806","949,990",82.05%,96.79%,163,"31,556",2.73%,3.21%,,,"76,029","9,685,379","6,445,583","5,287,746",,,"41,526","30,900",,"23,873",8.37,5.57,2.85,17.96%,35.04%,0.94%,27.70%,"63,813","41,019",1.56,,"784,318","139,131","7,222","1,924","41,598","16,655",,,,,,,,,,,,
8-Feb,"8,242",,,"1,166,079","171,288",14.69%,"13,038","963,028",82.59%,96.81%,207,"31,763",2.72%,3.19%,,,"77,601","9,724,040","6,473,598","5,307,519",,,"38,661","28,015",,"23,976",8.34,5.55,3.40,18.01%,29.42%,0.71%,27.10%,"62,448","40,465",1.54,,"814,585","171,270","30,267","32,139","39,293","19,409",,,,,,,,,,,,
9-Feb,"8,700",,,"1,174,779","169,351",14.42%,"10,424","973,452",82.86%,96.82%,213,"31,976",2.72%,3.18%,,,"77,086","9,791,928","6,512,126","5,337,347",,,"67,888","38,528",,"24,119",8.34,5.54,4.43,18.04%,22.58%,0.75%,26.93%,"61,903","39,834",1.55,,"845,407","221,453","30,822","50,183","35,592","24,208",,,,,,,,,,,,
10-Feb,"8,776",,,"1,183,555","168,416",14.23%,"9,520","982,972",83.05%,96.83%,191,"32,167",2.72%,3.17%,,,"77,526","9,862,240","6,553,179","5,369,624",,,"70,312","41,053",,"24,271",8.33,5.54,4.68,18.06%,21.38%,0.75%,26.33%,"61,239","39,000",1.57,,"969,546","279,251","124,139","57,798","46,217","29,661",,,,,,,,,,,,
11-Feb,"8,435",,,"1,191,990","166,492",13.97%,"10,145","993,117",83.32%,96.84%,214,"32,381",2.72%,3.16%,,,"76,911","9,933,751",6591580,"5,399,590",,,71511,"38,401",,"24,413",8.33,5.53,4.55,18.08%,21.97%,0.71%,25.59%,"61,634","38,461",1.60,,"1,017,186","345,605","47,640","66,354","45,274","35,579",,,,,,,,,,,,